-- MySQL dump 10.13  Distrib 8.0.19, for Win64 (x86_64)
--
-- Host: 103.101.224.25    Database: pickme
-- ------------------------------------------------------
-- Server version	8.0.32

/*!40101 SET @OLD_CHARACTER_SET_CLIENT=@@CHARACTER_SET_CLIENT */;
/*!40101 SET @OLD_CHARACTER_SET_RESULTS=@@CHARACTER_SET_RESULTS */;
/*!40101 SET @OLD_COLLATION_CONNECTION=@@COLLATION_CONNECTION */;
/*!50503 SET NAMES utf8mb4 */;
/*!40103 SET @OLD_TIME_ZONE=@@TIME_ZONE */;
/*!40103 SET TIME_ZONE='+00:00' */;
/*!40014 SET @OLD_UNIQUE_CHECKS=@@UNIQUE_CHECKS, UNIQUE_CHECKS=0 */;
/*!40014 SET @OLD_FOREIGN_KEY_CHECKS=@@FOREIGN_KEY_CHECKS, FOREIGN_KEY_CHECKS=0 */;
/*!40101 SET @OLD_SQL_MODE=@@SQL_MODE, SQL_MODE='NO_AUTO_VALUE_ON_ZERO' */;
/*!40111 SET @OLD_SQL_NOTES=@@SQL_NOTES, SQL_NOTES=0 */;

--
-- Table structure for table `account`
--

DROP TABLE IF EXISTS `account`;
/*!40101 SET @saved_cs_client     = @@character_set_client */;
/*!50503 SET character_set_client = utf8mb4 */;
CREATE TABLE `account` (
  `id` bigint NOT NULL,
  `created_at` datetime(6) DEFAULT NULL,
  `is_account_non_expired` bit(1) NOT NULL,
  `is_account_non_locked` bit(1) NOT NULL,
  `is_credentials_non_expired` bit(1) NOT NULL,
  `is_enabled` bit(1) NOT NULL,
  `password` varchar(255) CHARACTER SET utf8mb4 COLLATE utf8mb4_unicode_ci NOT NULL,
  `updated_at` datetime(6) DEFAULT NULL,
  `username` varchar(255) CHARACTER SET utf8mb4 COLLATE utf8mb4_unicode_ci NOT NULL,
  `role_id` bigint NOT NULL,
  PRIMARY KEY (`id`),
  UNIQUE KEY `UK_gex1lmaqpg0ir5g1f5eftyaa1` (`username`),
  KEY `FKd4vb66o896tay3yy52oqxr9w0` (`role_id`),
  CONSTRAINT `FK7y2xm0umcdojys1422d5walap` FOREIGN KEY (`id`) REFERENCES `user` (`id`),
  CONSTRAINT `FKd4vb66o896tay3yy52oqxr9w0` FOREIGN KEY (`role_id`) REFERENCES `role` (`id`)
) ENGINE=InnoDB DEFAULT CHARSET=utf8mb4 COLLATE=utf8mb4_unicode_ci;
/*!40101 SET character_set_client = @saved_cs_client */;

--
-- Dumping data for table `account`
--

LOCK TABLES `account` WRITE;
/*!40000 ALTER TABLE `account` DISABLE KEYS */;
INSERT INTO `account` VALUES (1,'2023-10-11 13:11:03.443577',_binary '',_binary '',_binary '',_binary '','$2a$10$Aq1d6RiVzJ0GHU3IHHUIXO8FYEdBf98DtNwqHFc9TObA.KOn2.m4u','2024-06-18 11:08:03.398839','superadmin',1),(2,'2023-10-13 05:16:58.396021',_binary '',_binary '',_binary '',_binary '','$2a$10$wc71EtDNcVVc8cWwHsfvPusEIxCkOC5VhM88tdaaANwxscwPRsudi','2024-06-27 11:23:32.308703','clientbca',4),(3,'2023-10-13 10:44:52.841416',_binary '',_binary '',_binary '',_binary '','$2a$10$630ZBxg2.n7l2v2fOto6H.Co9CjvCLCXWrCZlL6sJ4r.7FrlT2.PG','2023-10-13 10:44:52.841416','rmbca',3),(4,'2023-10-17 09:28:53.444134',_binary '',_binary '',_binary '',_binary '','$2a$10$5YSlhUMgy4J5vkWla3E7OercdVvg24CZE5DILE7bS1WQPPMPJxXNy','2024-05-02 15:26:37.445576','admin',2),(8,'2023-11-02 12:35:11.934847',_binary '',_binary '',_binary '',_binary '','$2a$10$ewANbWgpO8VOA/sgvXjr/urmQWVMgT9Gl7BRv/FDhtAcX.SAxd0OC','2023-11-02 12:35:11.934847','rmbni',3),(9,'2023-11-02 12:36:37.505687',_binary '',_binary '',_binary '',_binary '','$2a$10$6TiqtCgvUHaUedUyd731qOHDTa8.f5D.5vmWW8cqPfmiDH4Ri77qi','2024-05-02 16:48:59.404788','clientbni',4),(10,'2023-11-02 12:42:28.171501',_binary '',_binary '',_binary '',_binary '','$2a$10$fos1MQBRluftQx9C8BIpYugmYg3LYR74IsyTwlsIJr6CENsN81yJi','2023-11-02 12:42:28.171501','rmbri',3),(11,'2023-11-02 12:43:52.775734',_binary '',_binary '',_binary '',_binary '','$2a$10$76Lusea62CjWsgBKYZOSGeYWE3e9T8HUDx0NXKsHx1IfIhsfx5vyy','2023-11-02 13:18:51.970940','clientbri',4),(12,'2023-11-20 13:42:08.018802',_binary '',_binary '',_binary '',_binary '','$2a$10$PUhSg2V8yJuMN7DmRNqHNuap44NWFxvAffzk1hLS3zvW8rY3wJCzG','2023-11-20 13:42:41.951734','rmmandiri',3),(13,'2023-11-24 09:47:30.060815',_binary '',_binary '',_binary '',_binary '','$2a$10$55CGIDTQLwuEFpgk8UZlPOZU2fBL9Lu9wsr5wiWqI8Cb3DOJz9x9u','2023-11-24 09:47:30.060815','rmmitra',3),(14,'2023-11-24 09:48:31.924826',_binary '',_binary '',_binary '',_binary '','$2a$10$OhTK5QHSq5WMugQVaS.Qh.Zec1HmV8MTVzclhKysKKUfRbhsN/l5G','2024-05-16 15:07:55.507984','mitradcsuper',5),(15,'2023-11-27 10:11:14.213695',_binary '',_binary '',_binary '',_binary '','$2a$10$oE7OXVYNUFWYGmKAIM6Q..Dw3v3hT5VCQ1FmEoMyzvqA066N/8b7G','2023-11-27 10:11:14.213695','clientblu',4),(16,'2023-11-29 08:55:41.481570',_binary '',_binary '',_binary '',_binary '','$2a$10$OhRjvvwvQvLA9j2FO7zRVeWpNr7FfgJQBIKSwNDZUX4SL2Vsf/R72','2023-11-29 08:55:41.481570','clientmandiri',4),(17,'2024-02-22 11:23:01.903353',_binary '',_binary '',_binary '',_binary '','$2a$10$9csnrw0MqRYDKZib.4.dBOyUgUW7xlbQCqUm/G8O9gRD/cHim2h/.','2024-02-22 11:23:01.903353','RM MitraBaru',3),(19,'2024-02-22 11:28:06.485728',_binary '',_binary '',_binary '',_binary '','$2a$10$jQSajjUQdRc02GEY0c.khOSs7zrx3lg8Dd7TLbMghEoAUnelZINOS','2024-02-22 11:28:06.485728','mitrabaru',5),(20,'2024-05-02 19:18:41.132799',_binary '',_binary '',_binary '',_binary '','$2a$10$jBAQxxb6Cxt//bqb81dllOIVDTRBVWlP0SMSM5PSGhEZzpQYJV08a','2024-05-02 19:18:41.132810','rmniaga',3),(21,'2024-05-02 19:26:08.086480',_binary '',_binary '',_binary '',_binary '','$2a$10$hiAmzqkxpUyD.Yx/oS1dYeT8M1e9Fu7GghgQW1bnJNO4gf4gXrCUu','2024-05-14 15:11:56.572960','mitrapintar',5),(22,'2024-05-02 19:30:15.753693',_binary '',_binary '',_binary '',_binary '','$2a$10$HigxV1UZnu6dH2y6P/GvrOk5QQhSk8J6pKeaTOZ69oVZLJxD/sE8K','2024-05-02 19:30:15.753705','clientniaga',4),(23,'2024-05-03 08:58:40.277759',_binary '',_binary '',_binary '',_binary '','$2a$10$DfsoRcqn8HeanFf54d/cJObXM11tQ/coCXnE9bZ2gKOjpaSYdjsQe','2024-05-03 08:58:40.277767','mitramyskill',5),(24,'2024-05-03 09:01:01.387764',_binary '',_binary '',_binary '',_binary '','$2a$10$MjUSHM/38KAgY0hYfjCT/eSKi1b2HPrMFQP9YgdxcmBHyKOo2FdNa','2024-05-03 11:13:51.333104','rmneobank',3),(25,'2024-05-03 09:10:32.604591',_binary '',_binary '',_binary '',_binary '','$2a$10$RXXIIZ.uRktSeIS9jzx2Hepy1phRBEBEY7mFg6CW65F9ReKmUMcwq','2024-05-03 10:54:26.416994','mitrabinaracademy',5),(26,'2024-05-03 09:13:22.412677',_binary '',_binary '',_binary '',_binary '','$2a$10$6jkwmH.dG24iHR7pi/pNHOTzEHaApYrNqyLvpl//NyEVwUvFCPQQC','2024-05-03 09:13:22.412684','rmbinaracademy',3),(27,'2024-05-03 10:58:54.906286',_binary '',_binary '',_binary '',_binary '','$2a$10$NGDkxjYEAYSjy9IDFnG7XeDIqgMnPTdJg3LwTU2FNAavfn90SMMl6','2024-05-03 10:58:54.906303','clienthomecredit',4),(28,'2024-05-16 11:19:44.269670',_binary '',_binary '',_binary '',_binary '','$2a$10$MHUWoMDkLwBF6zZe9YPNU.IwvKbPyUvi0Ckc6YO.hjVNFcwcKaAcq','2024-05-16 11:19:44.269686','admincamp',2),(29,'2024-05-16 11:23:12.714384',_binary '',_binary '',_binary '',_binary '','$2a$10$JLRWYrcwqPwtQ3if4QjxUu5V65xAQ1nUuPR4T30yEixaod1napUfa','2024-05-16 11:23:12.714398','mitracamp',5),(30,'2024-05-16 11:27:12.407815',_binary '',_binary '',_binary '',_binary '','$2a$10$UkHei7vQwSznLoyvJGn3IOE5I4PSURLw/C1cR6mhgo9N8.UEmaIIO','2024-05-16 11:27:12.407833','rmzenius',3),(31,'2024-05-16 11:28:53.868140',_binary '',_binary '',_binary '',_binary '','$2a$10$7ubtyP7bB8N34jBvdiG41.XrCmXGZNjbPVIn2lEWds7yhpagl2nUe','2024-05-16 11:28:53.868151','clientzenius',4),(32,'2024-05-21 09:30:57.250188',_binary '',_binary '',_binary '',_binary '','$2a$10$ckDGWwK68hiK.yRBqSElq.ik2Y10wlsAZ57FT14tje9X/vlgBvpxm','2024-05-21 09:32:15.990960','rmdnm',3),(33,'2024-05-21 09:40:25.117260',_binary '',_binary '',_binary '',_binary '','$2a$10$IYsQZcdcNyJg8KWiJNqBruHR8z1XD9SALEeB7dWrbPboKDw75d9GC','2024-05-21 09:40:25.117269','clientdnm',4),(34,'2024-05-21 09:41:22.605818',_binary '',_binary '',_binary '',_binary '','$2a$10$qPiOD7IjL3/ZkABz5bSryeorzLBK57WiDSyd/22U9bxBDNl/BioXS','2024-05-21 09:41:22.605832','mitraskillvul',5);
/*!40000 ALTER TABLE `account` ENABLE KEYS */;
UNLOCK TABLES;

--
-- Table structure for table `achievements`
--

DROP TABLE IF EXISTS `achievements`;
/*!40101 SET @saved_cs_client     = @@character_set_client */;
/*!50503 SET character_set_client = utf8mb4 */;
CREATE TABLE `achievements` (
  `id` int NOT NULL AUTO_INCREMENT,
  `achievement_date` date NOT NULL,
  `achievement_name` varchar(255) COLLATE utf8mb4_unicode_ci NOT NULL,
  `created_at` datetime(6) DEFAULT NULL,
  `created_by` int DEFAULT NULL,
  `institution` varchar(255) COLLATE utf8mb4_unicode_ci DEFAULT NULL,
  `updated_at` datetime(6) DEFAULT NULL,
  `updated_by` int DEFAULT NULL,
  `talent_id` varchar(255) COLLATE utf8mb4_unicode_ci DEFAULT NULL,
  PRIMARY KEY (`id`),
  KEY `FK9b547pps0kb5dxtjmwkuiowf5` (`talent_id`),
  CONSTRAINT `FK9b547pps0kb5dxtjmwkuiowf5` FOREIGN KEY (`talent_id`) REFERENCES `talent` (`id`)
) ENGINE=InnoDB AUTO_INCREMENT=3 DEFAULT CHARSET=utf8mb4 COLLATE=utf8mb4_unicode_ci;
/*!40101 SET character_set_client = @saved_cs_client */;

--
-- Dumping data for table `achievements`
--

LOCK TABLES `achievements` WRITE;
/*!40000 ALTER TABLE `achievements` DISABLE KEYS */;
INSERT INTO `achievements` VALUES (1,'2021-10-10','Best Innovator Award','2024-08-30 14:09:14.541873',NULL,'Tech Innovators Inc.','2024-08-30 14:09:14.541873',NULL,'MA00000010');
/*!40000 ALTER TABLE `achievements` ENABLE KEYS */;
UNLOCK TABLES;

--
-- Table structure for table `applicant`
--

DROP TABLE IF EXISTS `applicant`;
/*!40101 SET @saved_cs_client     = @@character_set_client */;
/*!50503 SET character_set_client = utf8mb4 */;
CREATE TABLE `applicant` (
  `id` bigint NOT NULL AUTO_INCREMENT,
  `created_at` datetime(6) DEFAULT NULL,
  `updated_at` datetime(6) DEFAULT NULL,
  `job_id` bigint NOT NULL,
  `outsourcer_id` bigint NOT NULL,
  PRIMARY KEY (`id`),
  KEY `FKt74cl2p3amxj0ukd6ngwdryvl` (`job_id`),
  KEY `FK9db8x7ip59coakb4oqobl8tvk` (`outsourcer_id`),
  CONSTRAINT `FK9db8x7ip59coakb4oqobl8tvk` FOREIGN KEY (`outsourcer_id`) REFERENCES `user` (`id`),
  CONSTRAINT `FKt74cl2p3amxj0ukd6ngwdryvl` FOREIGN KEY (`job_id`) REFERENCES `job` (`id`)
) ENGINE=InnoDB AUTO_INCREMENT=60 DEFAULT CHARSET=utf8mb4 COLLATE=utf8mb4_unicode_ci;
/*!40101 SET character_set_client = @saved_cs_client */;

--
-- Dumping data for table `applicant`
--

LOCK TABLES `applicant` WRITE;
/*!40000 ALTER TABLE `applicant` DISABLE KEYS */;
INSERT INTO `applicant` VALUES (1,'2024-01-22 14:43:57.736774','2024-01-22 14:43:57.736774',4,14),(2,'2024-01-22 14:46:02.815570','2024-01-22 14:46:02.815570',2,14),(3,'2024-01-24 13:35:28.598354','2024-01-24 13:35:28.598354',4,14),(4,'2024-01-24 13:35:33.734252','2024-01-24 13:35:33.734252',4,14),(5,'2024-01-24 13:56:01.666810','2024-01-24 13:56:01.666810',4,14),(6,'2024-01-24 14:08:53.663805','2024-01-24 14:08:53.663805',2,14),(7,'2024-01-24 14:08:57.857044','2024-01-24 14:08:57.857044',2,14),(8,'2024-01-24 14:17:03.997230','2024-01-24 14:17:03.997230',2,14),(9,'2024-01-24 14:17:06.160243','2024-01-24 14:17:06.160243',2,14),(10,'2024-01-24 14:24:30.669794','2024-01-24 14:24:30.669794',2,14),(11,'2024-01-24 14:24:33.806713','2024-01-24 14:24:33.806713',2,14),(12,'2024-01-24 14:24:42.535481','2024-01-24 14:24:42.535481',2,14),(13,'2024-01-24 14:25:32.740568','2024-01-24 14:25:32.740568',2,14),(14,'2024-01-24 14:25:37.681185','2024-01-24 14:25:37.681185',2,14),(15,'2024-01-24 14:25:43.286787','2024-01-24 14:25:43.286787',2,14),(16,'2024-01-24 14:32:48.096104','2024-01-24 14:32:48.096104',2,14),(17,'2024-01-24 14:32:53.962351','2024-01-24 14:32:53.962351',2,14),(18,'2024-01-24 14:44:29.253182','2024-01-24 14:44:29.253182',2,14),(19,'2024-01-24 14:44:31.562636','2024-01-24 14:44:31.563633',2,14),(20,'2024-01-24 15:06:07.827697','2024-01-24 15:06:07.827697',2,14),(21,'2024-01-24 15:14:25.218119','2024-01-24 15:14:25.218119',2,14),(22,'2024-01-24 15:14:30.331229','2024-01-24 15:14:30.331229',2,14),(23,'2024-01-24 15:18:03.949421','2024-01-24 15:18:03.949421',2,14),(24,'2024-01-24 15:18:07.489846','2024-01-24 15:18:07.489846',2,14),(25,'2024-01-24 16:19:02.392023','2024-01-24 16:19:02.392023',4,14),(26,'2024-01-24 16:38:56.821073','2024-01-24 16:38:56.821073',4,14),(27,'2024-01-24 16:43:04.413901','2024-01-24 16:43:04.413901',4,14),(28,'2024-01-24 21:20:10.006350','2024-01-24 21:20:10.006350',4,14),(29,'2024-01-24 21:20:39.954153','2024-01-24 21:20:39.954153',4,14),(30,'2024-01-24 21:35:59.266240','2024-01-24 21:35:59.266240',4,14),(31,'2024-01-24 21:37:52.135407','2024-01-24 21:37:52.146547',4,14),(32,'2024-01-24 21:39:04.164297','2024-01-24 21:39:04.164297',4,14),(33,'2024-01-24 21:39:45.652814','2024-01-24 21:39:45.655805',4,14),(34,'2024-02-06 15:40:36.872835','2024-02-06 15:40:36.872835',2,14),(35,'2024-02-07 10:05:55.444112','2024-02-07 10:05:55.444112',4,14),(36,'2024-02-12 15:21:25.129892','2024-02-12 15:21:25.129892',4,14),(37,'2024-04-30 11:18:39.198240','2024-04-30 11:18:39.198249',15,14),(38,'2024-04-30 11:33:20.234103','2024-04-30 11:33:20.234111',15,19),(39,'2024-05-02 19:48:25.908730','2024-05-02 19:48:25.908738',16,21),(40,'2024-05-02 20:54:27.834993','2024-05-02 20:54:27.835006',17,21),(41,'2024-05-02 21:31:24.826459','2024-05-02 21:31:24.826475',18,21),(42,'2024-05-03 09:54:17.875565','2024-05-03 09:54:17.875572',19,21),(43,'2024-05-03 10:37:41.713961','2024-05-03 10:37:41.713989',18,14),(44,'2024-05-03 16:24:15.634088','2024-05-03 16:24:15.634098',20,21),(45,'2024-05-06 14:05:10.716562','2024-05-06 14:05:10.716573',21,21),(46,'2024-05-13 13:55:55.895653','2024-05-13 13:55:55.895667',24,21),(47,'2024-05-14 20:39:25.725971','2024-05-14 20:39:25.725982',24,14),(48,'2024-05-20 06:38:03.995184','2024-05-20 06:38:03.995194',24,29),(49,'2024-05-20 12:34:49.337997','2024-05-20 12:34:49.338003',23,29),(50,'2024-05-20 12:35:40.363144','2024-05-20 12:35:40.363150',18,29),(51,'2024-05-20 13:12:09.614619','2024-05-20 13:12:09.614626',22,29),(52,'2024-05-20 13:41:22.399574','2024-05-20 13:41:22.399580',21,29),(53,'2024-05-20 14:18:31.482811','2024-05-20 14:18:31.482820',20,29),(54,'2024-05-20 14:19:29.473341','2024-05-20 14:19:29.473347',13,29),(55,'2024-05-21 12:01:29.965598','2024-05-21 12:01:29.965608',28,29),(56,'2024-06-02 16:56:47.053636','2024-06-02 16:56:47.053652',29,29),(57,'2024-06-05 09:27:06.797488','2024-06-05 09:27:06.797505',29,21),(58,'2024-06-25 10:42:54.297522','2024-06-25 10:42:54.297529',29,19),(59,'2024-08-27 15:08:33.221221','2024-08-27 15:08:33.221228',31,29);
/*!40000 ALTER TABLE `applicant` ENABLE KEYS */;
UNLOCK TABLES;

--
-- Table structure for table `applicant_nominee`
--

DROP TABLE IF EXISTS `applicant_nominee`;
/*!40101 SET @saved_cs_client     = @@character_set_client */;
/*!50503 SET character_set_client = utf8mb4 */;
CREATE TABLE `applicant_nominee` (
  `id` bigint NOT NULL AUTO_INCREMENT,
  `applicant_id` bigint NOT NULL,
  `status_id` bigint NOT NULL,
  `talent_id` varchar(255) CHARACTER SET utf8mb4 COLLATE utf8mb4_unicode_ci NOT NULL,
  `job_id` bigint DEFAULT NULL,
  PRIMARY KEY (`id`),
  KEY `FKkxoa4saujvhf07pvl2wgbm1ha` (`applicant_id`),
  KEY `FKl1m3bf53ih1hwkqlxhl3elqrl` (`status_id`),
  KEY `FK6k5e9p6ptf85u9avioso1pdh8` (`talent_id`),
  KEY `FKrmmvaytbao1vnnf0wa1v3ddfc` (`job_id`),
  CONSTRAINT `FK6k5e9p6ptf85u9avioso1pdh8` FOREIGN KEY (`talent_id`) REFERENCES `talent` (`id`),
  CONSTRAINT `FKkxoa4saujvhf07pvl2wgbm1ha` FOREIGN KEY (`applicant_id`) REFERENCES `applicant` (`id`),
  CONSTRAINT `FKl1m3bf53ih1hwkqlxhl3elqrl` FOREIGN KEY (`status_id`) REFERENCES `status` (`id`),
  CONSTRAINT `FKrmmvaytbao1vnnf0wa1v3ddfc` FOREIGN KEY (`job_id`) REFERENCES `job` (`id`)
) ENGINE=InnoDB AUTO_INCREMENT=116 DEFAULT CHARSET=utf8mb4 COLLATE=utf8mb4_unicode_ci;
/*!40101 SET character_set_client = @saved_cs_client */;

--
-- Dumping data for table `applicant_nominee`
--

LOCK TABLES `applicant_nominee` WRITE;
/*!40000 ALTER TABLE `applicant_nominee` DISABLE KEYS */;
INSERT INTO `applicant_nominee` VALUES (3,2,3,'MA00000010',NULL),(4,3,3,'MA00000010',NULL),(5,4,3,'MA00000010',NULL),(7,6,3,'MA00000010',NULL),(8,7,3,'MA00000010',NULL),(16,15,3,'MA00000010',NULL),(27,25,3,'MA00000010',NULL),(33,31,3,'MA00000447',NULL),(35,35,3,'MA00002556',NULL),(36,36,3,'MA00001600',NULL),(37,37,3,'HR119242',15),(38,37,3,'MA00000010',15),(41,39,3,'UH131',16),(42,39,3,'UH132',16),(45,39,3,'UH133',16),(46,40,3,'UH134',17),(48,41,3,'UH136',18),(49,41,3,'UH135',18),(50,41,3,'UH134',18),(54,41,3,'UH132',18),(55,40,3,'UH131',17),(56,40,3,'UH132',17),(57,39,3,'UH137',16),(58,42,6,'UH138',19),(60,43,3,'UH720',18),(61,44,3,'UH137',20),(63,45,3,'UH139',21),(65,46,6,'UH1310',24),(67,47,3,'MA00004109',24),(68,47,3,'UH73',24),(69,47,3,'HR119242',24),(70,47,3,'MA00001406',24),(71,48,3,'UH182',24),(72,48,3,'UH181',24),(73,48,3,'UH183',24),(74,49,3,'UH181',23),(75,49,3,'UH182',23),(76,49,3,'UH183',23),(80,50,3,'UH181',18),(81,50,3,'UH182',18),(82,50,3,'UH183',18),(86,51,3,'UH183',22),(87,51,3,'UH182',22),(88,51,3,'UH181',22),(92,52,3,'UH183',21),(94,53,3,'UH183',20),(96,54,3,'UH183',13),(98,46,3,'UH1311',24),(99,46,3,'UH1312',24),(100,55,3,'UH181',28),(102,56,3,'UH183',29),(104,56,3,'UH181',29),(105,55,3,'UH183',28),(106,55,3,'UH184',28),(107,57,3,'UH1312',29),(108,55,3,'UH185',28),(109,56,3,'UH182',29),(110,58,3,'UH1011',29),(112,59,3,'UH181',31),(113,59,3,'UH182',31);
/*!40000 ALTER TABLE `applicant_nominee` ENABLE KEYS */;
UNLOCK TABLES;

--
-- Table structure for table `certification`
--

DROP TABLE IF EXISTS `certification`;
/*!40101 SET @saved_cs_client     = @@character_set_client */;
/*!50503 SET character_set_client = utf8mb4 */;
CREATE TABLE `certification` (
  `id` int NOT NULL AUTO_INCREMENT,
  `certificate_issue_date` date DEFAULT NULL,
  `certificate_name` varchar(64) COLLATE utf8mb4_unicode_ci NOT NULL,
  `created_at` datetime(6) DEFAULT NULL,
  `created_by` int DEFAULT NULL,
  `institution_name` varchar(64) COLLATE utf8mb4_unicode_ci NOT NULL,
  `updated_at` datetime(6) DEFAULT NULL,
  `updated_by` int DEFAULT NULL,
  `valid_until` date DEFAULT NULL,
  `talent_id` varchar(255) COLLATE utf8mb4_unicode_ci DEFAULT NULL,
  PRIMARY KEY (`id`),
  KEY `FK9iv30mtjklimrdq1hkcjj4gs6` (`talent_id`),
  CONSTRAINT `FK9iv30mtjklimrdq1hkcjj4gs6` FOREIGN KEY (`talent_id`) REFERENCES `talent` (`id`)
) ENGINE=InnoDB AUTO_INCREMENT=6 DEFAULT CHARSET=utf8mb4 COLLATE=utf8mb4_unicode_ci;
/*!40101 SET character_set_client = @saved_cs_client */;

--
-- Dumping data for table `certification`
--

LOCK TABLES `certification` WRITE;
/*!40000 ALTER TABLE `certification` DISABLE KEYS */;
INSERT INTO `certification` VALUES (2,'2023-08-28','Advanced Java Programming','2024-08-28 10:46:52.306105',NULL,'Java Institute','2024-08-28 10:46:52.306105',NULL,'2024-08-28',NULL),(3,'2023-08-28','Advanced Java Programming','2024-08-28 10:51:36.947230',NULL,'Java Institute','2024-08-28 10:51:36.947230',NULL,'2024-08-28','HR118836'),(4,'2023-08-28','Advanced Java Programming','2024-08-28 10:59:42.887585',NULL,'Java Institute','2024-08-28 10:59:42.887585',NULL,'2024-08-28','HR118836'),(5,'2023-08-28','Advanced Java Programming','2024-08-28 11:01:19.555590',NULL,'Java Institute','2024-08-28 11:01:19.555590',NULL,'2024-08-28','HR118836');
/*!40000 ALTER TABLE `certification` ENABLE KEYS */;
UNLOCK TABLES;

--
-- Table structure for table `degree`
--

DROP TABLE IF EXISTS `degree`;
/*!40101 SET @saved_cs_client     = @@character_set_client */;
/*!50503 SET character_set_client = utf8mb4 */;
CREATE TABLE `degree` (
  `id` bigint NOT NULL AUTO_INCREMENT,
  `name` varchar(255) CHARACTER SET utf8mb4 COLLATE utf8mb4_unicode_ci NOT NULL,
  PRIMARY KEY (`id`),
  UNIQUE KEY `UK_by27bbt64p1ria17hy3khpyft` (`name`)
) ENGINE=InnoDB DEFAULT CHARSET=utf8mb4 COLLATE=utf8mb4_unicode_ci;
/*!40101 SET character_set_client = @saved_cs_client */;

--
-- Dumping data for table `degree`
--

LOCK TABLES `degree` WRITE;
/*!40000 ALTER TABLE `degree` DISABLE KEYS */;
/*!40000 ALTER TABLE `degree` ENABLE KEYS */;
UNLOCK TABLES;

--
-- Table structure for table `education`
--

DROP TABLE IF EXISTS `education`;
/*!40101 SET @saved_cs_client     = @@character_set_client */;
/*!50503 SET character_set_client = utf8mb4 */;
CREATE TABLE `education` (
  `id` int NOT NULL AUTO_INCREMENT,
  `academic_grade` float NOT NULL COMMENT 'IPK/nilai',
  `created_at` datetime(6) DEFAULT NULL,
  `created_by` int DEFAULT NULL,
  `educational_level` varchar(255) COLLATE utf8mb4_unicode_ci DEFAULT NULL COMMENT 'jenjang pendidikan',
  `end_date` date DEFAULT NULL,
  `start_date` date DEFAULT NULL,
  `updated_at` datetime(6) DEFAULT NULL,
  `updated_by` int DEFAULT NULL,
  `institution_id` int DEFAULT NULL COMMENT 'school name or univ name',
  `major_id` int DEFAULT NULL,
  `talent_id` varchar(255) COLLATE utf8mb4_unicode_ci DEFAULT NULL,
  `name` varchar(255) COLLATE utf8mb4_unicode_ci NOT NULL,
  PRIMARY KEY (`id`),
  KEY `FKo1ag8lxtq00lxu1pf9a82uqss` (`institution_id`),
  KEY `FK25kcciy13wth7kq0sjfnp977g` (`major_id`),
  KEY `FKcfdge1bi5p7x35hxnha610dt7` (`talent_id`),
  CONSTRAINT `FK25kcciy13wth7kq0sjfnp977g` FOREIGN KEY (`major_id`) REFERENCES `reference_param` (`id`),
  CONSTRAINT `FKcfdge1bi5p7x35hxnha610dt7` FOREIGN KEY (`talent_id`) REFERENCES `talent` (`id`),
  CONSTRAINT `FKo1ag8lxtq00lxu1pf9a82uqss` FOREIGN KEY (`institution_id`) REFERENCES `reference_param` (`id`)
) ENGINE=InnoDB AUTO_INCREMENT=3 DEFAULT CHARSET=utf8mb4 COLLATE=utf8mb4_unicode_ci;
/*!40101 SET character_set_client = @saved_cs_client */;

--
-- Dumping data for table `education`
--

LOCK TABLES `education` WRITE;
/*!40000 ALTER TABLE `education` DISABLE KEYS */;
INSERT INTO `education` VALUES (1,3.75,'2024-08-30 12:02:28.187764',NULL,'D_IV','2021-01-01','2022-01-01','2024-08-30 12:04:48.394351',NULL,20,21,'HR119223',''),(2,3.75,'2024-08-30 12:03:34.211636',NULL,'D_III','2025-01-01','2021-01-01','2024-08-30 12:03:34.211636',NULL,20,21,'HR119223','');
/*!40000 ALTER TABLE `education` ENABLE KEYS */;
UNLOCK TABLES;

--
-- Table structure for table `holiday`
--

DROP TABLE IF EXISTS `holiday`;
/*!40101 SET @saved_cs_client     = @@character_set_client */;
/*!50503 SET character_set_client = utf8mb4 */;
CREATE TABLE `holiday` (
  `id` bigint NOT NULL AUTO_INCREMENT,
  `date` date DEFAULT NULL,
  `description` varchar(255) CHARACTER SET utf8mb4 COLLATE utf8mb4_unicode_ci DEFAULT NULL,
  `name` varchar(255) CHARACTER SET utf8mb4 COLLATE utf8mb4_unicode_ci DEFAULT NULL,
  PRIMARY KEY (`id`)
) ENGINE=InnoDB AUTO_INCREMENT=46 DEFAULT CHARSET=utf8mb4 COLLATE=utf8mb4_unicode_ci;
/*!40101 SET character_set_client = @saved_cs_client */;

--
-- Dumping data for table `holiday`
--

LOCK TABLES `holiday` WRITE;
/*!40000 ALTER TABLE `holiday` DISABLE KEYS */;
INSERT INTO `holiday` VALUES (2,'2023-01-01','Holiday','Tahun Baru Masehi'),(3,'2023-01-22','Holiday','Tahun Baru Imlek'),(4,'2023-02-18','Holiday','Isra\' Mi\'raj Nabi Muhammad SAW'),(5,'2023-03-22','Holiday','Hari Raya Nyepi (Tahun Baru Saka)'),(6,'2023-04-07','Long Weekend','Wafat Yesus Kristus'),(7,'2023-04-22','Holiday','Hari Raya Idul Fitri'),(8,'2023-04-23','Holiday','Hari Raya Idul Fitri'),(9,'2023-05-01','Long Weekend','Hari Buruh Sedunia'),(10,'2023-05-18','Harpitnas','Kenaikan Yesus Kristus'),(11,'2023-06-01','Harpitnas','Hari Lahir Pancasila'),(12,'2023-06-04','Holiday','Hari Raya Waisak'),(13,'2023-06-29','Harpitnas','Hari Raya Idul Adha'),(14,'2023-07-19','Holiday','Tahun Baru Hijriyah'),(15,'2023-08-17','Harpitnas','Hari Proklamasi Kemerdekaan RI'),(16,'2023-09-27','Holiday','Maulid Nabi Muhammad SAW'),(17,'2023-12-25','Long Weekend','Hari Raya Natal'),(18,'2023-04-21','Leave','Cuti Bersama Hari Raya Idul Fitri'),(19,'2023-04-24','Leave','Cuti Bersama Hari Raya Idul Fitri'),(20,'2023-04-25','Leave','Cuti Bersama Hari Raya Idul Fitri'),(21,'2023-04-26','Leave','Cuti Bersama Hari Raya Idul Fitri'),(22,'2023-04-27','Leave','Cuti Bersama Hari Raya Idul Fitri'),(23,'2023-12-26','Leave','Cuti Bersama Hari Raya Natal'),(24,'2024-01-01','Long Weekend','Tahun Baru Masehi'),(25,'2024-02-08','Harpitnas','Isra\' Mi\'raj Nabi Muhammad SAW'),(26,'2024-02-10','Holiday','Tahun Baru Imlek'),(27,'2024-03-11','Long Weekend','Hari Raya Nyepi (Tahun Baru Saka)'),(28,'2024-03-29','Long Weekend','Wafat Yesus Kristus'),(29,'2024-04-10','Holiday','Hari Raya Idul Fitri'),(30,'2024-04-11','Harpitnas','Hari Raya Idul Fitri'),(31,'2024-05-01','Holiday','Hari Buruh Sedunia'),(32,'2024-05-09','Harpitnas','Kenaikan Yesus Kristus'),(33,'2024-05-23','Harpitnas','Hari Raya Waisak'),(34,'2024-06-01','Holiday','Hari Lahir Pancasila'),(35,'2024-06-17','Long Weekend','Hari Raya Idul Adha'),(36,'2024-07-07','Holiday','Tahun Baru Hijriyah'),(37,'2024-08-17','Holiday','Hari Proklamasi Kemerdekaan RI'),(38,'2024-09-15','Holiday','Maulid Nabi Muhammad SAW'),(39,'2024-12-25','Holiday','Hari Raya Natal'),(40,'2024-04-08','Leave','Cuti Bersama Hari Raya Idul Fitri'),(41,'2024-04-09','Leave','Cuti Bersama Hari Raya Idul Fitri'),(42,'2024-04-12','Leave','Cuti Bersama Hari Raya Idul Fitri'),(43,'2024-12-24','Leave','Cuti Bersama Hari Raya Natal'),(44,'2023-12-20','Hari ini libur ya dim','Hari Libur Dimas'),(45,'2024-06-14','yeyyee','Libur');
/*!40000 ALTER TABLE `holiday` ENABLE KEYS */;
UNLOCK TABLES;

--
-- Table structure for table `institute`
--

DROP TABLE IF EXISTS `institute`;
/*!40101 SET @saved_cs_client     = @@character_set_client */;
/*!50503 SET character_set_client = utf8mb4 */;
CREATE TABLE `institute` (
  `id` bigint NOT NULL AUTO_INCREMENT,
  `name` varchar(255) CHARACTER SET utf8mb4 COLLATE utf8mb4_unicode_ci NOT NULL,
  `institute_type_id` bigint NOT NULL,
  `rm_id` bigint DEFAULT NULL,
  PRIMARY KEY (`id`),
  UNIQUE KEY `UK_pjpnqsflkw13n8c1rldhqtqeo` (`name`),
  KEY `FKfkmhvg8q9fusbg6p3ku36o858` (`institute_type_id`),
  KEY `FKjctnu0m09fm3xii14f71u5oh5` (`rm_id`),
  CONSTRAINT `FKfkmhvg8q9fusbg6p3ku36o858` FOREIGN KEY (`institute_type_id`) REFERENCES `institute_type` (`id`),
  CONSTRAINT `FKjctnu0m09fm3xii14f71u5oh5` FOREIGN KEY (`rm_id`) REFERENCES `user` (`id`)
) ENGINE=InnoDB AUTO_INCREMENT=22 DEFAULT CHARSET=utf8mb4 COLLATE=utf8mb4_unicode_ci;
/*!40101 SET character_set_client = @saved_cs_client */;

--
-- Dumping data for table `institute`
--

LOCK TABLES `institute` WRITE;
/*!40000 ALTER TABLE `institute` DISABLE KEYS */;
INSERT INTO `institute` VALUES (1,'Mitra Integrasi Informatika',1,NULL),(2,'DEFAULT',4,NULL),(3,'BCA',2,3),(4,'BNI',2,8),(5,'BRI',2,10),(6,'BLU',2,3),(7,'Decoding Company',3,13),(8,'Mandiri',2,12),(9,'BRIMO',2,10),(10,'MitraBaru Company',3,17),(11,'Instansi Pintar',3,13),(12,'cimbniaga',2,20),(13,'mitra pintar',3,13),(14,'Myskill',3,13),(15,'neobank',2,24),(16,'binaracademy',3,13),(17,'homecredit',2,26),(18,'Mitra Camp',3,13),(19,'client zenius',2,30),(20,'danamon',2,32),(21,'mitra skillvul',3,13);
/*!40000 ALTER TABLE `institute` ENABLE KEYS */;
UNLOCK TABLES;

--
-- Table structure for table `institute_type`
--

DROP TABLE IF EXISTS `institute_type`;
/*!40101 SET @saved_cs_client     = @@character_set_client */;
/*!50503 SET character_set_client = utf8mb4 */;
CREATE TABLE `institute_type` (
  `id` bigint NOT NULL AUTO_INCREMENT,
  `name` varchar(255) CHARACTER SET utf8mb4 COLLATE utf8mb4_unicode_ci NOT NULL,
  PRIMARY KEY (`id`),
  UNIQUE KEY `UK_d8st9yiiuqetxjhe0uuacly0u` (`name`)
) ENGINE=InnoDB AUTO_INCREMENT=5 DEFAULT CHARSET=utf8mb4 COLLATE=utf8mb4_unicode_ci;
/*!40101 SET character_set_client = @saved_cs_client */;

--
-- Dumping data for table `institute_type`
--

LOCK TABLES `institute_type` WRITE;
/*!40000 ALTER TABLE `institute_type` DISABLE KEYS */;
INSERT INTO `institute_type` VALUES (2,'CLIENT'),(4,'DEFAULT'),(1,'INTERNAL'),(3,'MITRA');
/*!40000 ALTER TABLE `institute_type` ENABLE KEYS */;
UNLOCK TABLES;

--
-- Table structure for table `interview_schedule`
--

DROP TABLE IF EXISTS `interview_schedule`;
/*!40101 SET @saved_cs_client     = @@character_set_client */;
/*!50503 SET character_set_client = utf8mb4 */;
CREATE TABLE `interview_schedule` (
  `id` bigint NOT NULL AUTO_INCREMENT,
  `created_at` datetime(6) DEFAULT NULL,
  `date` date DEFAULT NULL,
  `end_time` time DEFAULT NULL,
  `interview_link` varchar(255) CHARACTER SET utf8mb4 COLLATE utf8mb4_unicode_ci DEFAULT NULL,
  `location_address` varchar(255) CHARACTER SET utf8mb4 COLLATE utf8mb4_unicode_ci DEFAULT NULL,
  `message` varchar(255) CHARACTER SET utf8mb4 COLLATE utf8mb4_unicode_ci DEFAULT NULL,
  `offline` bit(1) DEFAULT NULL,
  `on_board_date` date DEFAULT NULL,
  `position` varchar(255) CHARACTER SET utf8mb4 COLLATE utf8mb4_unicode_ci DEFAULT NULL,
  `start_time` time DEFAULT NULL,
  `updated_at` datetime(6) DEFAULT NULL,
  `recruiter_id` bigint NOT NULL,
  `status_id` bigint NOT NULL,
  `talent_id` varchar(255) CHARACTER SET utf8mb4 COLLATE utf8mb4_unicode_ci NOT NULL,
  `job_id` bigint DEFAULT NULL,
  PRIMARY KEY (`id`),
  KEY `FKhamy1y071xk6ljyf3txdb40tx` (`recruiter_id`),
  KEY `FKglatwium48celxt9jtdop0gaq` (`status_id`),
  KEY `FK4w8cyu35qh3k1mbi8xsm9osep` (`talent_id`),
  CONSTRAINT `FK4w8cyu35qh3k1mbi8xsm9osep` FOREIGN KEY (`talent_id`) REFERENCES `talent` (`id`),
  CONSTRAINT `FKglatwium48celxt9jtdop0gaq` FOREIGN KEY (`status_id`) REFERENCES `status` (`id`),
  CONSTRAINT `FKhamy1y071xk6ljyf3txdb40tx` FOREIGN KEY (`recruiter_id`) REFERENCES `user` (`id`)
) ENGINE=InnoDB AUTO_INCREMENT=76 DEFAULT CHARSET=utf8mb4 COLLATE=utf8mb4_unicode_ci;
/*!40101 SET character_set_client = @saved_cs_client */;

--
-- Dumping data for table `interview_schedule`
--

LOCK TABLES `interview_schedule` WRITE;
/*!40000 ALTER TABLE `interview_schedule` DISABLE KEYS */;
INSERT INTO `interview_schedule` VALUES (1,'2023-11-13 15:34:15.110972','2023-11-15','12:00:00','test.com','','Halo Refia Karsistest.coma, tanggal 2023-11-15 kamu interview ya',_binary '','2023-11-14','BA','10:00:00','2023-11-13 15:43:17.208639',2,2,'MA00003173',NULL),(2,'2023-11-13 15:41:32.367963','2023-11-14','12:00:00','google.com','','Halo Jonathan Purnama Halim, tangoogle.comgal 2023-11-14 kamu interview ya',_binary '','2023-11-21','BA','10:00:00','2023-11-22 12:56:47.455867',2,2,'MA00000447',NULL),(3,'2023-11-21 09:49:51.538114','2023-11-22','12:00:00','www.gmeet.com','','Halo Benediktus Wirawan Tejoraharjo, tanggal 2023-11-22 kamu interview ya',_binary '','2023-11-22','Web Developer','11:00:00','2023-11-21 10:04:16.645722',2,6,'MA00003355',NULL),(4,'2023-11-21 10:17:18.734710','2023-11-28','11:00:00','','APL Tower','Halo Khresnadi Kurnia Jati Pamungkas, tanggal 2023-11-28 kamu interview ya',_binary '\0',NULL,'BA','10:30:00','2023-11-21 15:34:21.038912',2,2,'MA00003176',NULL),(5,'2023-11-21 14:13:27.665241','2023-11-22','12:00:00','https://google.com/','','Halo Dimas Raka Dewangana, tanggal 2023-11-22 kamu interview ya',_binary '','2023-11-22','Web Developer','10:00:00','2023-11-21 14:27:45.080287',2,6,'HR119223',NULL),(6,'2023-11-21 14:44:02.010805','2023-11-24','12:00:00','zoom.com','','Halo Bayu Saputra, tanggal 2023-11-24 kamu interview ya',_binary '',NULL,'Web Developer','10:00:00','2024-01-08 11:09:00.609752',2,1,'MA00003281',NULL),(7,'2023-11-21 15:29:58.180358','2023-11-22','12:00:00','','APL Tower','Halo Refia Karsista, tanggal 2023-11-22 kamu interview ya',_binary '\0',NULL,'Developer','11:00:00','2023-11-30 19:16:16.823660',2,2,'MA00003173',NULL),(8,'2023-11-22 09:07:29.564976','2023-11-29','12:00:00','zoom.com','','Halo Muhammad Irvan Maulana, tanggal {date} kamu interview ya',_binary '',NULL,'QA','10:00:00','2024-01-08 11:09:11.586663',11,1,'MA00003302',NULL),(9,'2023-11-22 12:58:15.765809','2023-11-30','12:00:00','zoom.com','','Halo Jonathan Purnama Halim, tanggal 2023-11-30 kamu interview ya',_binary '','2023-12-11','Web Developer','10:00:00','2023-12-04 11:13:11.198264',2,6,'MA00000447',NULL),(10,'2023-11-27 09:22:01.408886','2023-12-01','10:00:00','google.com','','Halo Satya Sativa, tangal 2023-12-01 kamu interview ya',_binary '',NULL,'Data Analyst','09:00:00','2024-01-08 11:09:22.082433',2,1,'MA00001600',NULL),(11,'2023-11-27 10:02:13.687520','2023-12-04','12:00:00','zoom.com','','Halo Mashum Abdul Jabbar, tanggal 2023-12-04 kamu interview ya',_binary '','2023-12-06','Developer','10:00:00','2023-12-04 10:59:24.568466',2,6,'MA00002556',NULL),(12,'2023-11-29 09:02:48.404715','2023-12-20','10:30:00','zoom.com','','Halo Sylvia Helmi Nurjannah, tanggal 2023-12-20 kamu interview ya',_binary '','2023-12-25','Developer','10:00:00','2023-11-29 09:05:13.182373',16,6,'MA00003307',NULL),(13,'2023-11-29 09:07:10.445475','2023-12-05','10:30:00','','Mandiri Pusat','Mandiri PusatHalo Muhammad Ikhsan Kurniawan, tanggal 2023-12-05 kamu interview ya',_binary '\0','2023-12-05','It Support & Helpdesk','10:00:00','2023-11-29 09:08:02.809875',16,6,'MA00003785',NULL),(14,'2023-11-30 18:38:32.402993','2023-11-15','10:30:00','zoom.com','','Halo Khresnadi Kurnia Jati Pamungkas, tanggal 2023-11-15 kamu interview ya',_binary '','2023-12-04','Web Analyst','10:00:00','2023-11-30 19:13:50.527006',2,6,'MA00003176',NULL),(15,'2023-11-30 18:39:47.716443','2023-12-13','10:30:00','zoom.com','','Halo Via Aini, tanggal 2023-12-13 kamu interview ya',_binary '','2023-12-05','Project Manager','10:00:00','2023-12-04 15:45:33.463477',2,6,'MA00003125',NULL),(16,'2023-11-30 18:40:37.391452','2023-12-18','11:00:00','zoom.com','','Halo Arijona Purba, tanggal 2023-12-18 kamu interview ya',_binary '','2023-12-12','System Analyst','10:30:00','2023-12-04 15:45:09.288923',2,6,'MA00004828',NULL),(17,'2023-11-30 18:41:24.116462','2023-12-15','13:30:00','zoom.com','','Halo Naura Nurul Izzah, tanggal 2023-12-15 kamu interview ya',_binary '',NULL,'System Analyst','13:00:00','2023-12-20 13:08:00.866455',2,2,'MA00003590',NULL),(18,'2023-11-30 18:42:25.580927','2023-12-15','14:00:00','zoom.com','','Halo Wahyutri Nugroho Rohmat, tanggal 2023-12-15 kamu interview ya',_binary '','2023-12-12','System Analyst','13:30:00','2023-12-04 15:45:55.009134',2,6,'MA00005404',NULL),(19,'2023-11-30 18:43:22.717628','2023-12-20','10:30:00','zoom.com','','Halo Ikram Syahrudin Putra, tanggal 2023-12-20 kamu interview ya',_binary '',NULL,'UI/UX Designer','10:00:00','2023-12-04 15:46:57.422006',2,4,'MA00001406',NULL),(20,'2023-11-30 18:44:04.945929','2023-12-20','13:30:00','zoom.com','','Halo Nydia Erlinda, tanggal 2023-12-20 kamu interview ya',_binary '',NULL,'UI/UX Designer','13:00:00','2023-11-30 18:58:08.154165',2,1,'MA00003297',NULL),(21,'2023-12-01 09:33:24.773874','2023-12-20','10:30:00','zoom.com','','Halo Aqila Fitri Alitu, tanggal 2023-12-20 kamu interview ya',_binary '',NULL,'Quality Assurance','10:00:00','2023-12-04 15:48:19.789837',2,4,'MA00004598',NULL),(22,'2023-12-01 09:34:39.764828','2023-12-20','11:00:00','zoom.com','','zoom.comHalo Ardhityar Izaaz, tanggal 2023-12-20 kamu interview ya',_binary '',NULL,'Quality Assurance','10:30:00','2023-12-01 09:47:52.718475',2,4,'MA00002705',NULL),(23,'2023-12-01 16:05:50.281482','2023-12-04','16:00:00','zoom.com','','Halo Riska Dwi Yuliati, tanggal {date} kamu interview ya',_binary '','2023-12-11','Quality Assurance','17:00:00','2023-12-04 11:01:04.431986',2,6,'MA00003272',NULL),(24,'2023-12-04 10:27:03.066893','2023-12-06','10:30:00','zoom.com','','Halo Dimas Raka Dewanggana, tanggal 2023-12-06 kamu interview ya',_binary '','2023-12-12','Developer','10:00:00','2023-12-04 15:44:31.789906',2,6,'HR119223',NULL),(25,'2023-12-04 10:58:40.468929','2023-12-04','13:30:00','zoom.com','','Halo Desliana Putri Pratiwi, tanggal 2023-12-04 kamu interview ya',_binary '','2023-12-05','System Analyst','13:00:00','2023-12-04 11:07:06.996220',2,6,'MA00004298',NULL),(26,'2023-12-04 11:29:59.642755','2023-12-11','12:00:00','zoom.com','','Halo Ridwan Abdiansah, tanggal 2023-12-11 kamu interview ya',_binary '',NULL,'Quality Assurance','10:00:00','2024-01-08 11:09:31.760200',2,1,'MA00004109',NULL),(27,'2023-12-04 15:21:22.065964','2023-12-05','13:00:00','zoom.com','','Halo Felix Savero, tanggal 2023-12-05 kamu interview ya',_binary '',NULL,'Product Designer','10:00:00','2023-12-04 16:05:04.419232',2,4,'MA00008304',NULL),(28,'2023-12-04 15:28:53.599772','2023-12-11','11:00:00','','APL','Hic maxime et id qui',_binary '\0',NULL,'Divisi Perlengkapan dan Instalasi ','10:00:00','2024-01-08 11:09:39.904433',2,1,'MA00003709',NULL),(29,'2023-12-04 16:14:46.602548','2023-12-12','11:00:00','zoom.com','','zoom.com Nulla sint enim est',_binary '',NULL,'Data Analyst Internship','10:00:00','2024-01-08 11:09:47.752617',2,1,'MA00005434',NULL),(30,'2023-12-04 16:15:36.173284','2023-12-06','13:07:00','','asjlasasjl','Qui debitis irure a ',_binary '\0',NULL,'Quality Assurance','10:00:00','2023-12-06 10:08:00.091944',2,4,'MA00005501',NULL),(31,'2023-12-05 13:01:30.302453','2023-12-06','12:00:00','zoom.com','','Halo Olivia Michelle, tanggal 2023-12-06 kamu interview ya',_binary '',NULL,'Developer','10:00:00','2023-12-06 10:08:00.141669',2,4,'MA00000010',NULL),(32,'2024-01-26 15:06:33.582856','2024-02-01','16:06:00','sadsadasdsa','','ini coba ya',_binary '',NULL,'Business Analyst','15:06:00','2024-02-02 15:08:00.542520',2,1,'MA00011313',NULL),(33,'2024-01-26 15:13:45.791985','2024-01-30','16:13:00','coba nulis biasa','','interview percobaan',_binary '',NULL,'Developer','15:13:00','2024-01-31 09:18:00.525560',2,1,'MA00011313',NULL),(34,'2024-01-26 15:34:54.389698','2024-01-29','16:34:00','cobalinkasal','','percobaan',_binary '',NULL,'System Analyst','15:34:00','2024-01-30 14:08:00.708300',2,1,'MA00011313',NULL),(35,'2024-01-29 15:39:28.691927','2024-01-31','16:39:00','https://mail.google.com/mail','','coba3',_binary '',NULL,'System Analyst','16:38:00','2024-02-01 10:08:00.526861',2,1,'MA00001573',NULL),(36,'2024-02-15 09:30:10.563038','2024-02-19','11:29:00','https://google.com','','Interview Developer mBCA',_binary '',NULL,'Developer','10:29:00','2024-02-19 16:08:06.151694',2,1,'UH71',NULL),(37,'2024-02-16 10:17:46.521703','2024-02-20','11:17:00','','APL Tower','Walk in Interview',_binary '\0',NULL,'Quality Assurance','10:17:00','2024-02-20 16:08:00.133839',2,1,'MA00003735',NULL),(38,'2024-02-16 10:19:14.034513','2024-02-21','11:18:00','https://google.com','','Wawancara Online yaa',_binary '',NULL,'Product Management','10:18:00','2024-02-21 15:08:01.699930',2,1,'UH72',NULL),(39,'2024-02-16 10:21:45.840539','2024-02-20','11:21:00','https://google.com','','Online interview',_binary '',NULL,'Access Data Management','10:21:00','2024-02-20 16:08:28.201371',2,1,'MA00008483',NULL),(40,'2024-02-16 16:46:04.787156','2024-02-19','17:45:00','https://google.com','','coba invite',_binary '','2024-02-22','Developer','16:45:00','2024-02-20 10:54:40.556063',2,6,'MA00010332',NULL),(41,'2024-02-18 14:10:13.684162','2024-02-27','15:09:00','https://google.com','','test email',_binary '',NULL,'System Analyst','14:09:00','2024-02-27 16:09:00.241605',2,1,'UH73',NULL),(42,'2024-02-18 14:33:06.517569','2024-02-26','15:32:00','https://google.com','','Test Meeting',_binary '',NULL,'Business Analyst','14:32:00','2024-02-21 14:37:05.158687',11,1,'MA00008483',NULL),(43,'2024-02-19 16:10:42.623505','2024-02-21','17:10:00','','Stadion GBK','Tes offline',_binary '\0','2024-02-26','Quality Assurance','16:10:00','2024-02-21 14:37:05.108075',2,6,'MA00008483',NULL),(44,'2024-02-22 09:55:33.717584','2024-02-23','10:54:00','https://google.com','','Invite wawancara',_binary '',NULL,'Business Analyst','09:54:00','2024-02-27 15:08:00.173977',2,1,'HR119581',NULL),(45,'2024-02-22 14:47:16.931637','2024-02-23','15:46:00','','Jalan Tanjung Duren','interview on scheduled',_binary '\0',NULL,'Developer','14:46:00','2024-02-22 14:50:57.590439',2,1,'UH72',NULL),(46,'2024-02-22 14:56:38.955531','2024-02-28','15:54:00','https://google.com','Kuningan City','Reschedule Lagi ya, kali ini offline aja',_binary '\0',NULL,'System Analyst','14:54:00','2024-02-22 15:22:37.627207',2,1,'UH72',NULL),(47,'2024-02-22 15:32:20.371704','2024-02-26','16:32:00','','APL TOWER','Interview Offline ke APL ya',_binary '\0',NULL,'Business Analyst','15:31:00','2024-02-27 15:08:20.466656',2,1,'UH71',NULL),(48,'2024-02-22 15:38:21.000000','2024-03-01','16:37:00','','APL Tower','Offline ke APL tower ya',_binary '\0',NULL,'Social Media Specialist','15:37:00','2024-03-08 23:10:30.000000',2,1,'UH72',NULL),(49,'2024-02-22 15:43:51.000000','2024-03-01','16:43:00','https://google.com','','Interview Online yaa',_binary '',NULL,'Product Management','15:43:00','2024-03-08 23:10:37.000000',2,1,'MA00003735',NULL),(50,'2024-02-22 15:48:03.000000','2024-03-18','17:47:00','','APL Tower Offline','Interview offline',_binary '\0',NULL,'Business Analyst','15:47:00','2024-04-23 14:08:00.403177',2,1,'MA00009670',NULL),(51,'2024-02-27 15:08:21.489704','2024-03-01','16:06:00','','Ke APL ya','Jangan lupa offline ya',_binary '\0',NULL,'Product Designer','15:06:00','2024-02-27 15:11:26.105167',2,1,'UH111',NULL),(52,'2024-02-27 15:18:09.000000','2024-02-29','16:17:00','https://google.com','','Coba online',_binary '','2024-03-18','Product Designer','15:17:00','2024-03-08 22:58:02.000000',2,6,'UH111',NULL),(53,'2024-03-08 22:55:10.000000','2024-03-18','00:35:00','https://meet.google.com/wcx-uuxs-swh','','test',_binary '',NULL,'Business Analyst','00:00:00','2024-03-08 22:59:14.000000',2,1,'HR119242',NULL),(54,'2024-03-08 23:13:12.000000','2024-03-18','02:13:00','https://meet.google.com/wcx-uuxs-swh','','test',_binary '',NULL,'Developer','01:13:00','2024-04-23 14:14:00.240608',2,1,'HR119242',NULL),(55,'2024-05-02 17:57:30.903437','2024-05-06','18:57:00','https://meet.google.com/123','','test',_binary '','2024-05-06','Developer','17:57:00','2024-05-02 17:58:11.308443',11,6,'MA00009670',4),(56,'2024-05-02 19:53:24.393242','2024-05-03','21:53:00','','APL Tower','on time',_binary '\0','2024-05-13','Developer','20:52:00','2024-05-03 00:46:07.197364',22,6,'UH132',NULL),(57,'2024-05-02 20:58:06.825643','2024-05-03','21:58:00','meet.google.com/htm-cccp-sya','','ditunggu',_binary '','2024-05-07','Developer','08:57:00','2024-05-06 09:23:37.673973',22,6,'UH134',NULL),(58,'2024-05-02 21:01:39.385658','2024-05-03','22:01:00','','APL Tower','on time',_binary '\0','2024-05-03','Developer','21:01:00','2024-05-03 10:01:03.885673',22,6,'HR119400',NULL),(59,'2024-05-02 21:36:16.654731','2024-05-03','23:36:00','','APL Tower','on time',_binary '\0',NULL,'Developer','22:35:00','2024-05-02 21:37:10.666634',22,2,'UH136',NULL),(60,'2024-05-02 21:38:21.252966','2024-05-06','22:41:00','','APL Tower','on time',_binary '\0','2024-05-07','Developer','22:38:00','2024-05-02 21:39:25.390142',22,6,'UH136',NULL),(61,'2024-05-02 21:40:28.675644','2024-05-03','23:40:00','','APL Tower','on time',_binary '\0','2024-05-02','System Analyst','22:40:00','2024-05-02 21:41:31.476880',22,6,'MA00002441',NULL),(62,'2024-05-03 00:30:41.369763','2024-05-06','02:30:00','https://us04web.zoom.us/j/73724580319?pwd=URCyJb6yLoXFgJ2IOjn5wR8CeAbzXT.1','','no telat',_binary '','2024-05-13','Developer','00:30:00','2024-05-03 00:43:59.854877',22,6,'UH131',NULL),(63,'2024-05-03 09:58:54.627511','2024-05-03','14:58:00','','APL Tower','on time',_binary '\0','2024-05-03','Product Designer','13:58:00','2024-05-03 10:01:46.524187',22,6,'UH138',19),(64,'2024-05-03 16:26:11.911095','2024-05-03','20:26:00','','APL Tower','on time',_binary '\0','2024-05-03','Developer','18:25:00','2024-05-03 16:27:03.891046',22,6,'UH137',NULL),(65,'2024-05-06 09:22:13.445720','2024-05-06','12:21:00','','APL Tower','on time',_binary '\0','2024-05-07','System Analyst','11:21:00','2024-05-06 09:23:00.947269',22,6,'MA00010188',NULL),(66,'2024-05-06 09:23:43.043320','2024-05-07','10:24:00','https://us05web.zoom.us/j/85185811785?pwd=AAfxJ5ff0Op2IOfBdOFookLnk8cvcM.1','','Silahkan Join Zoom',_binary '','2024-05-07','Developer','09:23:00','2024-05-06 09:24:41.080060',22,6,'HR118836',NULL),(67,'2024-05-13 14:06:03.693247','2024-05-14','15:05:00','','APL TOWER','DDMMDMDD',_binary '\0','2024-05-14','Developer','14:05:00','2024-05-13 14:09:28.686706',9,6,'UH1310',24),(68,'2024-05-21 09:15:16.273618','2024-05-24','09:50:00','','APL TOWER','Tepat waktu',_binary '\0',NULL,'Developer','09:15:00','2024-05-29 10:08:11.664529',2,2,'UH73',1),(69,'2024-05-21 11:27:46.124391','2024-05-22','12:30:00','https://us04web.zoom.us/j/73724580319?pwd=URCyJb6yLoXFgJ2IOjn5wR8CeAbzXT.1','','Jangan telat ya!',_binary '',NULL,'Developer','11:30:00','2024-05-21 14:58:42.818484',33,1,'HR119242',26),(70,'2024-05-21 14:59:58.325960','2024-05-28','15:00:00','https://us04web.zoom.us/j/73724580319?pwd=URCyJb6yLoXFgJ2IOjn5wR8CeAbzXT.1','','jgn telat',_binary '',NULL,'Developer','14:00:00','2024-05-28 16:08:02.701013',33,1,'HR119242',NULL),(71,'2024-05-28 10:32:54.372308','2024-05-29','14:32:00','https://us05web.zoom.us/j/85185811785?pwd=AAfxJ5ff0Op2IOfBdOFookLnk8cvcM.1','','mnjbhjkl;\'',_binary '',NULL,'Developer','10:34:00','2024-05-30 10:08:00.766771',22,1,'HR119242',NULL),(72,'2024-05-29 11:01:11.895283','2024-05-30','12:00:00','https://us04web.zoom.us/j/73724580319?pwd=URCyJb6yLoXFgJ2IOjn5wR8CeAbzXT.1',NULL,'hadir y',_binary '\0',NULL,'backend','11:00:00','2024-05-31 09:08:00.740738',1,1,'HR119242',NULL),(73,'2024-05-29 11:01:31.680255','2024-05-30','12:00:00','https://us04web.zoom.us/j/73724580319?pwd=URCyJb6yLoXFgJ2IOjn5wR8CeAbzXT.1',NULL,'hadir y',_binary '\0',NULL,'backend','11:00:00','2024-05-31 09:09:00.555399',1,1,'HR119242',NULL),(74,'2024-06-11 11:10:52.186239','2024-06-12','11:10:00','','apl','selamat kamu masuk ke wawancara',_binary '\0',NULL,'System Analyst','09:10:00','2024-06-12 12:10:05.065467',2,1,'MA00003735',1),(75,'2024-08-14 15:08:38.521806','2024-08-15','17:08:00','meet.google.com','','Harap hadir tempat waktu',_binary '',NULL,'Developer','15:08:00','2024-08-16 01:08:00.140001',9,1,'HR119242',NULL);
/*!40000 ALTER TABLE `interview_schedule` ENABLE KEYS */;
UNLOCK TABLES;

--
-- Table structure for table `interview_schedule_history`
--

DROP TABLE IF EXISTS `interview_schedule_history`;
/*!40101 SET @saved_cs_client     = @@character_set_client */;
/*!50503 SET character_set_client = utf8mb4 */;
CREATE TABLE `interview_schedule_history` (
  `id` bigint NOT NULL AUTO_INCREMENT,
  `created_at` datetime(6) DEFAULT NULL,
  `feedback` varchar(255) CHARACTER SET utf8mb4 COLLATE utf8mb4_unicode_ci DEFAULT NULL,
  `updated_at` datetime(6) DEFAULT NULL,
  `interview_schedule_id` bigint NOT NULL,
  `status_id` bigint NOT NULL,
  `on_board_date` date DEFAULT NULL,
  PRIMARY KEY (`id`),
  KEY `FK94dkn02u2xxbbnbrhgfxu2q99` (`interview_schedule_id`),
  KEY `FKh7x8e9rmatc97owbm29j2gebu` (`status_id`),
  CONSTRAINT `FK94dkn02u2xxbbnbrhgfxu2q99` FOREIGN KEY (`interview_schedule_id`) REFERENCES `interview_schedule` (`id`),
  CONSTRAINT `FKh7x8e9rmatc97owbm29j2gebu` FOREIGN KEY (`status_id`) REFERENCES `status` (`id`)
) ENGINE=InnoDB AUTO_INCREMENT=223 DEFAULT CHARSET=utf8mb4 COLLATE=utf8mb4_unicode_ci;
/*!40101 SET character_set_client = @saved_cs_client */;

--
-- Dumping data for table `interview_schedule_history`
--

LOCK TABLES `interview_schedule_history` WRITE;
/*!40000 ALTER TABLE `interview_schedule_history` DISABLE KEYS */;
INSERT INTO `interview_schedule_history` VALUES (1,'2023-11-13 15:34:15.136233','Inviting talent (automated filled)','2023-11-13 15:34:15.136233',1,3,NULL),(2,'2023-11-13 15:36:40.839424','On process (automated filled)','2023-11-13 15:36:40.839424',1,4,NULL),(3,'2023-11-13 15:37:00.156011','good','2023-11-13 15:37:00.156011',1,6,NULL),(4,'2023-11-13 15:37:39.245195','On process (automated filled)','2023-11-13 15:37:39.245195',1,4,NULL),(5,'2023-11-13 15:41:32.374076','Inviting talent (automated filled)','2023-11-13 15:41:32.374076',2,3,NULL),(6,'2023-11-13 15:42:54.985250','On process (automated filled)','2023-11-13 15:42:54.985250',2,4,NULL),(7,'2023-11-13 15:43:17.213638','no position','2023-11-13 15:43:17.213638',1,2,NULL),(8,'2023-11-13 15:46:18.664578','Good','2023-11-13 15:46:18.664578',2,6,NULL),(9,'2023-11-20 16:35:02.607009','On process (automated filled)','2023-11-20 16:35:02.607009',2,4,NULL),(10,'2023-11-20 16:35:22.220013','Bagus','2023-11-20 16:35:22.220013',2,6,NULL),(11,'2023-11-21 09:49:51.559076','Inviting talent (automated filled)','2023-11-21 09:49:51.559076',3,3,NULL),(12,'2023-11-21 09:59:22.286850',NULL,'2023-11-21 09:59:22.286850',3,5,NULL),(13,'2023-11-21 10:03:43.290799','On process (automated filled)','2023-11-21 10:03:43.290799',3,4,NULL),(14,'2023-11-21 10:04:16.664637','Kinerja Bagus','2023-11-21 10:04:16.664637',3,6,NULL),(15,'2023-11-21 10:17:18.739717','Inviting talent (automated filled)','2023-11-21 10:17:18.739717',4,3,NULL),(16,'2023-11-21 11:15:50.820543',NULL,'2023-11-21 11:15:50.820543',4,5,NULL),(17,'2023-11-21 13:19:54.916961',NULL,'2023-11-21 13:19:54.916961',4,5,NULL),(18,'2023-11-21 14:13:27.671779','Inviting talent (automated filled)','2023-11-21 14:13:27.671779',5,3,NULL),(19,'2023-11-21 14:27:24.550659','On process (automated filled)','2023-11-21 14:27:24.550659',5,4,NULL),(20,'2023-11-21 14:27:45.099381','Kamu Luar Biasa','2023-11-21 14:27:45.099381',5,6,NULL),(21,'2023-11-21 14:44:02.016373','Inviting talent (automated filled)','2023-11-21 14:44:02.016373',6,3,NULL),(22,'2023-11-21 15:29:58.200531','Inviting talent (automated filled)','2023-11-21 15:29:58.200531',7,3,NULL),(23,'2023-11-21 15:32:50.363264','On process (automated filled)','2023-11-21 15:32:50.363264',4,4,NULL),(24,'2023-11-21 15:33:26.692676',NULL,'2023-11-21 15:33:26.692676',7,5,NULL),(25,'2023-11-21 15:34:21.051626','Kamu kurang','2023-11-21 15:34:21.051626',4,2,NULL),(26,'2023-11-22 09:07:29.606214','Inviting talent (automated filled)','2023-11-22 09:07:29.606214',8,3,NULL),(27,'2023-11-22 09:12:09.671348',NULL,'2023-11-22 09:12:09.671348',8,5,NULL),(28,'2023-11-22 12:56:08.747291','On process (automated filled)','2023-11-22 12:56:08.747291',2,4,NULL),(29,'2023-11-22 12:56:47.458876','Maaf hanya contoh','2023-11-22 12:56:47.458876',2,2,NULL),(30,'2023-11-22 12:58:15.771850','Inviting talent (automated filled)','2023-11-22 12:58:15.771850',9,3,NULL),(31,'2023-11-23 11:07:42.837563','On process (automated filled)','2023-11-23 11:07:42.838560',9,4,NULL),(32,'2023-11-27 09:22:01.446945','Inviting talent (automated filled)','2023-11-27 09:22:01.446945',10,3,NULL),(33,'2023-11-27 09:26:16.740588',NULL,'2023-11-27 09:26:16.741596',10,5,NULL),(34,'2023-11-27 10:02:13.699643','Inviting talent (automated filled)','2023-11-27 10:02:13.699643',11,3,NULL),(35,'2023-11-27 10:05:32.179562','On process (automated filled)','2023-11-27 10:05:32.179562',11,4,NULL),(36,'2023-11-29 09:02:48.410686','Inviting talent (automated filled)','2023-11-29 09:02:48.410686',12,3,NULL),(37,'2023-11-29 09:04:19.385067',NULL,'2023-11-29 09:04:19.385067',12,5,NULL),(38,'2023-11-29 09:04:43.616433','On process (automated filled)','2023-11-29 09:04:43.616433',12,4,NULL),(39,'2023-11-29 09:05:13.198118','Lebih perkuat vocabulary','2023-11-29 09:05:13.198118',12,6,NULL),(40,'2023-11-29 09:07:10.445475','Inviting talent (automated filled)','2023-11-29 09:07:10.445475',13,3,NULL),(41,'2023-11-29 09:07:42.824866','On process (automated filled)','2023-11-29 09:07:42.824866',13,4,NULL),(42,'2023-11-29 09:08:02.809875','Sudah bagus','2023-11-29 09:08:02.809875',13,6,NULL),(43,'2023-11-30 17:53:52.228510',NULL,'2023-11-30 17:53:52.228510',7,5,NULL),(44,'2023-11-30 18:38:32.409919','Inviting talent (automated filled)','2023-11-30 18:38:32.409919',14,3,NULL),(45,'2023-11-30 18:39:47.720440','Inviting talent (automated filled)','2023-11-30 18:39:47.720440',15,3,NULL),(46,'2023-11-30 18:40:37.394451','Inviting talent (automated filled)','2023-11-30 18:40:37.394451',16,3,NULL),(47,'2023-11-30 18:41:24.119455','Inviting talent (automated filled)','2023-11-30 18:41:24.119455',17,3,NULL),(48,'2023-11-30 18:42:25.583927','Inviting talent (automated filled)','2023-11-30 18:42:25.583927',18,3,NULL),(49,'2023-11-30 18:43:22.720756','Inviting talent (automated filled)','2023-11-30 18:43:22.720756',19,3,NULL),(50,'2023-11-30 18:44:04.948501','Inviting talent (automated filled)','2023-11-30 18:44:04.948501',20,3,NULL),(51,'2023-11-30 18:49:17.811202','On process (automated filled)','2023-11-30 18:49:17.811202',15,4,NULL),(52,'2023-11-30 18:58:08.159164','Maaf','2023-11-30 18:58:08.159164',20,1,NULL),(53,'2023-11-30 19:00:58.070221','On process (automated filled)','2023-11-30 19:00:58.070221',14,4,NULL),(54,'2023-11-30 19:02:06.041799','On process (automated filled)','2023-11-30 19:02:06.041799',18,4,NULL),(55,'2023-11-30 19:02:17.784337','On process (automated filled)','2023-11-30 19:02:17.784337',7,4,NULL),(56,'2023-11-30 19:09:55.926940','On process (automated filled)','2023-11-30 19:09:55.926940',7,4,NULL),(57,'2023-11-30 19:13:50.530005','Bagus','2023-11-30 19:13:50.530005',14,6,NULL),(58,'2023-11-30 19:15:42.548458','On process (automated filled)','2023-11-30 19:15:42.548458',7,4,NULL),(59,'2023-11-30 19:16:16.839230','Maaf','2023-11-30 19:16:16.839230',7,2,NULL),(60,'2023-12-01 09:33:24.789075','Inviting talent (automated filled)','2023-12-01 09:33:24.789075',21,3,NULL),(61,'2023-12-01 09:34:39.774810','Inviting talent (automated filled)','2023-12-01 09:34:39.774810',22,3,NULL),(62,'2023-12-01 09:47:52.725008','On process (automated filled)','2023-12-01 09:47:52.725008',22,4,NULL),(63,'2023-12-01 16:05:50.287956','Inviting talent (automated filled)','2023-12-01 16:05:50.287956',23,3,NULL),(64,'2023-12-01 16:39:36.771723',NULL,'2023-12-01 16:39:36.771723',23,5,NULL),(65,'2023-12-03 10:14:12.125381',NULL,'2023-12-03 10:14:12.125381',23,5,NULL),(66,'2023-12-04 10:27:03.083513','Inviting talent (automated filled)','2023-12-04 10:27:03.083513',24,3,NULL),(67,'2023-12-04 10:58:40.479827','Inviting talent (automated filled)','2023-12-04 10:58:40.479827',25,3,NULL),(68,'2023-12-04 10:59:09.181392','On process (automated filled)','2023-12-04 10:59:09.181392',23,4,NULL),(69,'2023-12-04 10:59:24.569782','Bagus','2023-12-04 10:59:24.569782',11,6,NULL),(70,'2023-12-04 11:01:04.440437','Bagus','2023-12-04 11:01:04.440437',23,6,NULL),(71,'2023-12-04 11:03:12.216932',NULL,'2023-12-04 11:03:12.216932',25,5,NULL),(72,'2023-12-04 11:06:39.594144','On process (automated filled)','2023-12-04 11:06:39.594144',25,4,NULL),(73,'2023-12-04 11:07:07.006928','Bagus','2023-12-04 11:07:07.006928',25,6,NULL),(74,'2023-12-04 11:13:11.207930','Bagus','2023-12-04 11:13:11.207930',9,6,NULL),(75,'2023-12-04 11:29:59.659416','Inviting talent (automated filled)','2023-12-04 11:29:59.660024',26,3,NULL),(76,'2023-12-04 15:21:22.097006','Inviting talent (automated filled)','2023-12-04 15:21:22.097006',27,3,NULL),(77,'2023-12-04 15:28:53.608284','Inviting talent (automated filled)','2023-12-04 15:28:53.608284',28,3,NULL),(78,'2023-12-04 15:43:59.845403','On process (automated filled)','2023-12-04 15:43:59.845403',24,4,NULL),(79,'2023-12-04 15:44:10.857780','On process (automated filled)','2023-12-04 15:44:10.857780',16,4,NULL),(80,'2023-12-04 15:44:31.798931','Bagus','2023-12-04 15:44:31.798931',24,6,NULL),(81,'2023-12-04 15:45:09.291935','Bagus','2023-12-04 15:45:09.291935',16,6,NULL),(82,'2023-12-04 15:45:33.467323','Bagus','2023-12-04 15:45:33.467323',15,6,NULL),(83,'2023-12-04 15:45:55.016443','Bagus','2023-12-04 15:45:55.016443',18,6,NULL),(84,'2023-12-04 15:46:57.429353','On process (automated filled)','2023-12-04 15:46:57.429353',19,4,NULL),(85,'2023-12-04 15:47:25.756904',NULL,'2023-12-04 15:47:25.756904',6,5,NULL),(86,'2023-12-04 15:48:19.792880','On process (automated filled)','2023-12-04 15:48:19.792880',21,4,NULL),(87,'2023-12-04 15:48:33.628199','On process (automated filled)','2023-12-04 15:48:33.628199',17,4,NULL),(88,'2023-12-04 16:05:04.432138','On process (automated filled)','2023-12-04 16:05:04.432138',27,4,NULL),(89,'2023-12-04 16:14:46.608976','Inviting talent (automated filled)','2023-12-04 16:14:46.608976',29,3,NULL),(90,'2023-12-04 16:15:36.176818','Inviting talent (automated filled)','2023-12-04 16:15:36.176818',30,3,NULL),(91,'2023-12-05 13:01:30.302453','Inviting talent (automated filled)','2023-12-05 13:01:30.302453',31,3,NULL),(92,'2023-12-06 10:08:00.123682','On process (automated filled)','2023-12-06 10:08:00.123682',30,4,NULL),(93,'2023-12-06 10:08:00.141669','On process (automated filled)','2023-12-06 10:08:00.141669',31,4,NULL),(94,'2023-12-06 12:56:39.677377',NULL,'2023-12-06 12:56:39.677377',29,5,NULL),(95,'2023-12-06 14:31:57.643502',NULL,'2023-12-06 14:31:57.643502',29,5,NULL),(96,'2023-12-20 13:08:00.957899',NULL,'2023-12-20 13:08:00.957899',17,2,NULL),(97,'2024-01-08 11:09:00.648227','Wawancara ini dibatalkan karena tidak diproses melewati jadwal yang telah ditetapkan.','2024-01-08 11:09:00.648227',6,1,NULL),(98,'2024-01-08 11:09:11.596662','Wawancara ini dibatalkan karena tidak diproses melewati jadwal yang telah ditetapkan.','2024-01-08 11:09:11.596662',8,1,NULL),(99,'2024-01-08 11:09:22.092431','Wawancara ini dibatalkan karena tidak diproses melewati jadwal yang telah ditetapkan.','2024-01-08 11:09:22.092431',10,1,NULL),(100,'2024-01-08 11:09:31.767202','Wawancara ini dibatalkan karena tidak diproses melewati jadwal yang telah ditetapkan.','2024-01-08 11:09:31.767202',26,1,NULL),(101,'2024-01-08 11:09:39.912428','Wawancara ini dibatalkan karena tidak diproses melewati jadwal yang telah ditetapkan.','2024-01-08 11:09:39.912428',28,1,NULL),(102,'2024-01-08 11:09:47.758617','Wawancara ini dibatalkan karena tidak diproses melewati jadwal yang telah ditetapkan.','2024-01-08 11:09:47.758617',29,1,NULL),(103,'2024-01-26 15:06:33.811352','Inviting talent (automated filled)','2024-01-26 15:06:33.811352',32,3,NULL),(104,'2024-01-26 15:13:45.830421','Inviting talent (automated filled)','2024-01-26 15:13:45.830421',33,3,NULL),(105,'2024-01-26 15:34:54.435852','Inviting talent (automated filled)','2024-01-26 15:34:54.435852',34,3,NULL),(106,'2024-01-29 15:39:29.030988','Inviting talent (automated filled)','2024-01-29 15:39:29.030988',35,3,NULL),(107,'2024-01-30 14:08:00.767918','Wawancara ini dibatalkan karena tidak diproses melewati jadwal yang telah ditetapkan.','2024-01-30 14:08:00.767918',34,1,NULL),(108,'2024-01-31 09:18:00.542514','Wawancara ini dibatalkan karena tidak diproses melewati jadwal yang telah ditetapkan.','2024-01-31 09:18:00.542514',33,1,NULL),(109,'2024-02-01 10:08:00.657635','Wawancara ini dibatalkan karena tidak diproses melewati jadwal yang telah ditetapkan.','2024-02-01 10:08:00.657635',35,1,NULL),(110,'2024-02-02 15:08:00.566443','Wawancara ini dibatalkan karena tidak diproses melewati jadwal yang telah ditetapkan.','2024-02-02 15:08:00.566443',32,1,NULL),(111,'2024-02-15 09:30:10.640387','Inviting talent (automated filled)','2024-02-15 09:30:10.640387',36,3,NULL),(112,'2024-02-16 10:17:46.658340','Inviting talent (automated filled)','2024-02-16 10:17:46.658340',37,3,NULL),(113,'2024-02-16 10:19:14.051468','Inviting talent (automated filled)','2024-02-16 10:19:14.051468',38,3,NULL),(114,'2024-02-16 10:21:45.844582','Inviting talent (automated filled)','2024-02-16 10:21:45.844582',39,3,NULL),(115,'2024-02-16 16:46:04.878433','Inviting talent (automated filled)','2024-02-16 16:46:04.878433',40,3,NULL),(116,'2024-02-18 14:10:13.728049','Inviting talent (automated filled)','2024-02-18 14:10:13.728049',41,3,NULL),(117,'2024-02-18 14:33:06.580849','Inviting talent (automated filled)','2024-02-18 14:33:06.580849',42,3,NULL),(118,'2024-02-18 14:52:54.140937',NULL,'2024-02-18 14:52:54.140937',40,5,NULL),(119,'2024-02-19 16:08:06.454165','Wawancara ini dibatalkan karena tidak diproses melewati jadwal yang telah ditetapkan.','2024-02-19 16:08:06.454165',36,1,NULL),(120,'2024-02-19 16:10:42.645447','Inviting talent (automated filled)','2024-02-19 16:10:42.645447',43,3,NULL),(121,'2024-02-20 10:53:33.100539','On process (automated filled)','2024-02-20 10:53:33.100539',40,4,NULL),(122,'2024-02-20 10:54:40.560057','Silahkan onboard ditanggal yang ditentukan','2024-02-20 10:54:40.560057',40,6,NULL),(123,'2024-02-20 16:08:00.159336','Wawancara ini dibatalkan karena tidak diproses melewati jadwal yang telah ditetapkan.','2024-02-20 16:08:00.159336',37,1,NULL),(124,'2024-02-20 16:08:28.206353','Wawancara ini dibatalkan karena tidak diproses melewati jadwal yang telah ditetapkan.','2024-02-20 16:08:28.206353',39,1,NULL),(125,'2024-02-21 14:36:20.546988','On process (automated filled)','2024-02-21 14:36:20.546988',43,4,NULL),(126,'2024-02-21 14:37:05.112574','Selamat yaa','2024-02-21 14:37:05.112574',43,6,NULL),(127,'2024-02-21 14:37:05.148115','Cancelled By System','2024-02-21 14:37:05.148115',42,1,NULL),(128,'2024-02-21 15:08:01.742294','Wawancara ini dibatalkan karena tidak diproses melewati jadwal yang telah ditetapkan.','2024-02-21 15:08:01.742294',38,1,NULL),(129,'2024-02-22 09:55:33.748010','Inviting talent (automated filled)','2024-02-22 09:55:33.748010',44,3,NULL),(130,'2024-02-22 14:47:17.678183','Inviting talent (automated filled)','2024-02-22 14:47:17.678183',45,3,NULL),(131,'2024-02-22 14:50:57.601278','sori batal','2024-02-22 14:50:57.601278',45,1,NULL),(132,'2024-02-22 14:56:38.971341','Inviting talent (automated filled)','2024-02-22 14:56:38.971341',46,3,NULL),(133,'2024-02-22 15:01:08.447559',NULL,'2024-02-22 15:01:08.447559',46,5,NULL),(134,'2024-02-22 15:09:06.072472',NULL,'2024-02-22 15:09:06.072472',46,5,NULL),(135,'2024-02-22 15:11:32.535093',NULL,'2024-02-22 15:11:32.535093',46,5,NULL),(136,'2024-02-22 15:15:22.375234',NULL,'2024-02-22 15:15:22.375234',46,5,NULL),(137,'2024-02-22 15:22:37.681995','Gajadi maaf','2024-02-22 15:22:37.681995',46,1,NULL),(138,'2024-02-22 15:32:20.504264','Inviting talent (automated filled)','2024-02-22 15:32:20.504264',47,3,NULL),(139,'2024-02-22 15:38:21.844089','Inviting talent (automated filled)','2024-02-22 15:38:21.844089',48,3,NULL),(140,'2024-02-22 15:43:51.659289','Inviting talent (automated filled)','2024-02-22 15:43:51.659289',49,3,NULL),(141,'2024-02-22 15:48:03.687127','Inviting talent (automated filled)','2024-02-22 15:48:03.687127',50,3,NULL),(142,'2024-02-27 15:08:00.189979','Wawancara ini dibatalkan karena tidak diproses melewati jadwal yang telah ditetapkan.','2024-02-27 15:08:00.189979',44,1,NULL),(143,'2024-02-27 15:08:20.471655','Wawancara ini dibatalkan karena tidak diproses melewati jadwal yang telah ditetapkan.','2024-02-27 15:08:20.471655',47,1,NULL),(144,'2024-02-27 15:08:21.504178','Inviting talent (automated filled)','2024-02-27 15:08:21.504178',51,3,NULL),(145,'2024-02-27 15:11:26.109170','maaf ya gajadi','2024-02-27 15:11:26.109170',51,1,NULL),(146,'2024-02-27 15:18:09.499207','Inviting talent (automated filled)','2024-02-27 15:18:09.499207',52,3,NULL),(147,'2024-02-27 16:09:00.329360','Wawancara ini dibatalkan karena tidak diproses melewati jadwal yang telah ditetapkan.','2024-02-27 16:09:00.329360',41,1,NULL),(148,'2024-03-08 22:55:10.000000','Inviting talent (automated filled)','2024-03-08 22:55:10.000000',53,3,NULL),(149,'2024-03-08 22:57:35.000000','On process (automated filled)','2024-03-08 22:57:35.000000',52,4,NULL),(150,'2024-03-08 22:58:02.000000','test','2024-03-08 22:58:02.000000',52,6,NULL),(151,'2024-03-08 22:59:14.000000','test','2024-03-08 22:59:14.000000',53,1,NULL),(152,'2024-03-08 23:00:43.000000',NULL,'2024-03-08 23:00:43.000000',50,5,NULL),(153,'2024-03-08 23:10:30.000000','Wawancara ini dibatalkan karena tidak diproses melewati jadwal yang telah ditetapkan.','2024-03-08 23:10:30.000000',48,1,NULL),(154,'2024-03-08 23:10:37.000000','Wawancara ini dibatalkan karena tidak diproses melewati jadwal yang telah ditetapkan.','2024-03-08 23:10:37.000000',49,1,NULL),(155,'2024-03-08 23:13:12.000000','Inviting talent (automated filled)','2024-03-08 23:13:12.000000',54,3,NULL),(156,'2024-04-23 14:08:00.434741','Wawancara ini dibatalkan karena tidak diproses melewati jadwal yang telah ditetapkan.','2024-04-23 14:08:00.434741',50,1,NULL),(157,'2024-04-23 14:14:00.259547','Wawancara ini dibatalkan karena tidak diproses melewati jadwal yang telah ditetapkan.','2024-04-23 14:14:00.259547',54,1,NULL),(158,'2024-05-02 17:57:30.951000','Inviting talent (automated filled)','2024-05-02 17:57:30.951014',55,3,NULL),(159,'2024-05-02 17:57:56.767777','On process (automated filled)','2024-05-02 17:57:56.767795',55,4,NULL),(160,'2024-05-02 17:58:11.195607','test','2024-05-02 17:58:11.195640',55,6,NULL),(161,'2024-05-02 19:53:24.421370','Inviting talent (automated filled)','2024-05-02 19:53:24.421380',56,3,NULL),(162,'2024-05-02 19:58:36.577748','On process (automated filled)','2024-05-02 19:58:36.577758',56,4,NULL),(165,'2024-05-02 20:58:06.845802','Inviting talent (automated filled)','2024-05-02 20:58:06.845816',57,3,NULL),(166,'2024-05-02 20:58:33.523526','On process (automated filled)','2024-05-02 20:58:33.523540',57,4,NULL),(170,'2024-05-02 21:01:39.408279','Inviting talent (automated filled)','2024-05-02 21:01:39.408293',58,3,NULL),(171,'2024-05-02 21:02:25.954828','On process (automated filled)','2024-05-02 21:02:25.954842',58,4,NULL),(174,'2024-05-02 21:36:16.686138','Inviting talent (automated filled)','2024-05-02 21:36:16.686148',59,3,NULL),(175,'2024-05-02 21:36:47.930267','On process (automated filled)','2024-05-02 21:36:47.930279',59,4,NULL),(176,'2024-05-02 21:37:10.684101','nice try','2024-05-02 21:37:10.684110',59,2,NULL),(177,'2024-05-02 21:38:21.270583','Inviting talent (automated filled)','2024-05-02 21:38:21.270594',60,3,NULL),(178,'2024-05-02 21:38:59.773601','On process (automated filled)','2024-05-02 21:38:59.773611',60,4,NULL),(179,'2024-05-02 21:39:25.382789','good','2024-05-02 21:39:25.382799',60,6,NULL),(180,'2024-05-02 21:40:28.693157','Inviting talent (automated filled)','2024-05-02 21:40:28.693168',61,3,NULL),(181,'2024-05-02 21:41:05.032961','On process (automated filled)','2024-05-02 21:41:05.032971',61,4,NULL),(182,'2024-05-02 21:41:31.473135','nicee','2024-05-02 21:41:31.473145',61,6,NULL),(183,'2024-05-03 00:30:41.389449','Inviting talent (automated filled)','2024-05-03 00:30:41.389459',62,3,NULL),(184,'2024-05-03 00:38:25.491610',NULL,'2024-05-03 00:38:25.491621',62,5,NULL),(185,'2024-05-03 00:39:08.470801',NULL,'2024-05-03 00:39:08.470810',62,5,NULL),(186,'2024-05-03 00:42:47.626934','On process (automated filled)','2024-05-03 00:42:47.626944',62,4,NULL),(187,'2024-05-03 00:43:59.849680','good','2024-05-03 00:43:59.849690',62,6,NULL),(188,'2024-05-03 00:46:07.193132','good','2024-05-03 00:46:07.193142',56,6,NULL),(189,'2024-05-03 09:58:54.646400','Inviting talent (automated filled)','2024-05-03 09:58:54.646409',63,3,NULL),(190,'2024-05-03 09:59:29.092957','On process (automated filled)','2024-05-03 09:59:29.092967',63,4,NULL),(191,'2024-05-03 10:01:03.881517','congrats','2024-05-03 10:01:03.881526',58,6,NULL),(192,'2024-05-03 10:01:46.520507','good','2024-05-03 10:01:46.520517',63,6,NULL),(193,'2024-05-03 16:26:11.959313','Inviting talent (automated filled)','2024-05-03 16:26:11.959326',64,3,NULL),(194,'2024-05-03 16:26:49.125281','On process (automated filled)','2024-05-03 16:26:49.125297',64,4,NULL),(195,'2024-05-03 16:27:03.883853','nice','2024-05-03 16:27:03.883864',64,6,NULL),(196,'2024-05-06 09:22:13.491415','Inviting talent (automated filled)','2024-05-06 09:22:13.491429',65,3,NULL),(197,'2024-05-06 09:22:36.104072','On process (automated filled)','2024-05-06 09:22:36.104101',65,4,NULL),(198,'2024-05-06 09:23:00.879359','good','2024-05-06 09:23:00.879375',65,6,NULL),(199,'2024-05-06 09:23:37.665830','nice','2024-05-06 09:23:37.665847',57,6,NULL),(200,'2024-05-06 09:23:43.101766','Inviting talent (automated filled)','2024-05-06 09:23:43.101780',66,3,NULL),(201,'2024-05-06 09:24:03.508162','On process (automated filled)','2024-05-06 09:24:03.508178',66,4,NULL),(202,'2024-05-06 09:24:41.076378','SELAMAT','2024-05-06 09:24:41.076393',66,6,NULL),(203,'2024-05-13 14:06:03.734166','Inviting talent (automated filled)','2024-05-13 14:06:03.734184',67,3,NULL),(204,'2024-05-13 14:07:44.253611','On process (automated filled)','2024-05-13 14:07:44.253628',67,4,NULL),(205,'2024-05-13 14:09:28.676687','SELAMAT','2024-05-13 14:09:28.676706',67,6,NULL),(206,'2024-05-21 09:15:16.310311','Inviting talent (automated filled)','2024-05-21 09:15:16.310323',68,3,NULL),(207,'2024-05-21 09:15:36.589459','On process (automated filled)','2024-05-21 09:15:36.589471',68,4,NULL),(208,'2024-05-21 11:27:46.170842','Inviting talent (automated filled)','2024-05-21 11:27:46.170857',69,3,NULL),(209,'2024-05-21 14:58:42.852664','maaf y','2024-05-21 14:58:42.852673',69,1,NULL),(210,'2024-05-21 14:59:58.344969','Inviting talent (automated filled)','2024-05-21 14:59:58.344979',70,3,NULL),(211,'2024-05-28 10:32:54.402173','Inviting talent (automated filled)','2024-05-28 10:32:54.402184',71,3,NULL),(212,'2024-05-28 16:08:02.790679','Wawancara ini dibatalkan karena tidak diproses melewati jadwal yang telah ditetapkan.','2024-05-28 16:08:02.790687',70,1,NULL),(213,'2024-05-29 10:08:11.759599',NULL,'2024-05-29 10:08:11.759614',68,2,NULL),(214,'2024-05-29 11:01:11.957190','Inviting talent (automated filled)','2024-05-29 11:01:11.957202',72,3,NULL),(215,'2024-05-29 11:01:31.731409','Inviting talent (automated filled)','2024-05-29 11:01:31.731428',73,3,NULL),(216,'2024-05-30 10:08:00.818838','Wawancara ini dibatalkan karena tidak diproses melewati jadwal yang telah ditetapkan.','2024-05-30 10:08:00.818851',71,1,NULL),(217,'2024-05-31 09:08:00.814402','Wawancara ini dibatalkan karena tidak diproses melewati jadwal yang telah ditetapkan.','2024-05-31 09:08:00.814417',72,1,NULL),(218,'2024-05-31 09:09:00.610365','Wawancara ini dibatalkan karena tidak diproses melewati jadwal yang telah ditetapkan.','2024-05-31 09:09:00.610381',73,1,NULL),(219,'2024-06-11 11:10:52.414034','Inviting talent (automated filled)','2024-06-11 11:10:52.414034',74,3,NULL),(220,'2024-06-12 12:10:05.168122','Wawancara ini dibatalkan karena tidak diproses melewati jadwal yang telah ditetapkan.','2024-06-12 12:10:05.168128',74,1,NULL),(221,'2024-08-14 15:08:38.556270','Inviting talent (automated filled)','2024-08-14 15:08:38.556282',75,3,NULL),(222,'2024-08-16 01:08:00.271055','Wawancara ini dibatalkan karena tidak diproses melewati jadwal yang telah ditetapkan.','2024-08-16 01:08:00.271061',75,1,NULL);
/*!40000 ALTER TABLE `interview_schedule_history` ENABLE KEYS */;
UNLOCK TABLES;

--
-- Table structure for table `job`
--

DROP TABLE IF EXISTS `job`;
/*!40101 SET @saved_cs_client     = @@character_set_client */;
/*!50503 SET character_set_client = utf8mb4 */;
CREATE TABLE `job` (
  `id` bigint NOT NULL AUTO_INCREMENT,
  `created_at` datetime(6) DEFAULT NULL,
  `description` text CHARACTER SET utf8mb4 COLLATE utf8mb4_unicode_ci,
  `expired_date` date DEFAULT NULL,
  `title` varchar(255) CHARACTER SET utf8mb4 COLLATE utf8mb4_unicode_ci DEFAULT NULL,
  `updated_at` datetime(6) DEFAULT NULL,
  `recruiter_id` bigint NOT NULL,
  `position` varchar(255) CHARACTER SET utf8mb4 COLLATE utf8mb4_unicode_ci DEFAULT NULL,
  `status` int DEFAULT NULL,
  `required_positions` int DEFAULT NULL,
  PRIMARY KEY (`id`),
  KEY `FKm50pkwrtv5tapjuo7hqoxhawi` (`recruiter_id`),
  CONSTRAINT `FKm50pkwrtv5tapjuo7hqoxhawi` FOREIGN KEY (`recruiter_id`) REFERENCES `user` (`id`)
) ENGINE=InnoDB AUTO_INCREMENT=32 DEFAULT CHARSET=utf8mb4 COLLATE=utf8mb4_unicode_ci;
/*!40101 SET character_set_client = @saved_cs_client */;

--
-- Dumping data for table `job`
--

LOCK TABLES `job` WRITE;
/*!40000 ALTER TABLE `job` DISABLE KEYS */;
INSERT INTO `job` VALUES (1,'2023-12-18 11:43:12.493240','Dibutuhkan segera web developer','2023-12-23','Web Developer','2023-12-20 13:41:46.175162',1,'Web Developer',1,NULL),(2,'2023-12-17 14:04:32.000000','Dibutuhkan segera','2023-11-24','Quality Assurance','2023-11-24 13:41:57.714852',1,'Quality Assurance',1,NULL),(3,'2023-11-23 14:44:55.298774','test','2023-12-30','Test','2023-12-05 11:31:53.653419',4,'Software Tester',1,NULL),(4,'2024-01-22 13:26:46.476430','Dibutuhkan Segera','2024-03-20','Junior Data Engineer','2023-11-24 13:42:25.124707',1,'Data Engineer',1,NULL),(5,'2023-11-24 13:28:09.942880','Dibutuhkan Segera','2023-11-30','Lowongan 2','2023-11-24 13:28:09.942880',1,'System Analyst',1,NULL),(6,'2023-11-24 13:47:49.178199','Dibutuhkan Tester','2023-11-30','Testing','2023-11-24 13:48:16.720072',1,'Pentester',1,NULL),(7,'2023-11-27 11:42:22.075667','Dibutuhkan Job Request 1','2023-12-28','Job Request 1','2023-11-27 11:42:22.075667',4,'IT Support',1,NULL),(8,'2023-11-27 11:42:48.853389','Dibutuhkan Job Request 2','2023-12-31','Job Request 2','2023-11-27 11:42:48.853389',4,'Freelance',1,NULL),(9,'2023-11-27 11:43:18.384063','Dibutuhkan Job Request 3','2023-12-26','Job Request 3','2023-11-27 11:43:18.384063',4,'Teacher',1,NULL),(10,'2023-11-27 11:43:55.502332','Dibutuhkan Job Request 4','2023-12-28','Job Request 4','2023-11-27 11:43:55.502332',4,'Application Developer Jr.',1,NULL),(11,'2023-11-27 11:44:25.065016','Dibutuhkan Job Request 6','2023-12-22','Job Request 5','2023-11-27 11:44:25.065016',4,'Surveyor Pemilu 2019',1,NULL),(12,'2023-12-05 13:05:49.871033','test analyst','2023-12-07','Test','2023-12-05 13:05:49.871033',4,'System Analyst',1,NULL),(13,'2023-12-06 15:54:42.506549','Tester','2023-12-07','Testing','2023-12-06 15:54:42.506549',4,'Pentester',1,NULL),(14,'2023-12-06 15:56:37.657955','Bebas','2023-12-15','Bebas','2023-12-06 15:56:37.657955',4,'Developer',1,NULL),(15,'2024-02-01 11:39:40.095694','<p>Business Application Strategy &amp; Architecture (BAA)&nbsp;<br>&nbsp;&nbsp;&nbsp;&nbsp;Maksimal umur 35 tahun<br>&nbsp;&nbsp;&nbsp;&nbsp;Pendidikan minimal jurusan S1 Teknik Informatika, S1 Computer Science, S1 Sistem Informasi, atau yang berhubungan dengan IT Enterprise Architecture<br>&nbsp;&nbsp;&nbsp;&nbsp;Memiliki Pengalaman dalam Proses SDLC<br>&nbsp;&nbsp;&nbsp;&nbsp;Memiliki kapabilitas analytical thinking<br>&nbsp;&nbsp;&nbsp;&nbsp;Cepat mempelajari hal-hal baru<br>&nbsp;&nbsp;&nbsp;&nbsp;Mampu bekerja sama dengan orang lain<br>&nbsp;&nbsp;&nbsp;&nbsp;Dapat membangun kepercayaan<br>&nbsp;&nbsp;&nbsp;&nbsp;Berorientasi pada hasil dan kualitas<br>&nbsp;&nbsp;&nbsp;&nbsp;Kemampuan pemecahan masalah yang sangat baik<br>&nbsp;&nbsp;&nbsp;&nbsp;Inisiatif tinggi, dapat diandalkan, dan mandiri dengan perhatian tinggi terhadap detail<br>&nbsp;&nbsp;&nbsp;&nbsp;Mengikuti Trend Technology<br>Spesifikasi khusus :<br>&nbsp;&nbsp;&nbsp;&nbsp;Memiliki kemampuan sebagai system analyst 2 tahun pengalaman<br>&nbsp;&nbsp;&nbsp;&nbsp;Diutamakan memiliki pengalaman sebagai solutionlapplication architect<br>&nbsp;&nbsp;&nbsp;&nbsp;Diutamakan memiliki pengalaman sebagai software developer<br>&nbsp;&nbsp;&nbsp;&nbsp;Diutamakan memiliki pengalaman dibidang IT Enterprise Architecture minimal 1 tahun<br>&nbsp;&nbsp;&nbsp;&nbsp;Diutamakan memiliki sertifikasi yang relate dengan IT Enterprise Architecture</p>','2024-05-30','Business Application Strategy & Architecture (BAA) BNI','2024-04-30 11:18:15.499896',4,'Business Analyst',1,5),(16,'2024-05-02 19:47:15.348456','<p>Bisa ngoding</p>','2024-05-06','001/TOKOPEDIA/DEVELOPER','2024-05-02 19:47:15.348465',1,'Developer',0,1),(17,'2024-05-02 20:53:04.872740','<p>tau dasar dev</p>','2024-05-16','Lowongan Bank','2024-05-02 20:53:04.873361',4,'Developer',0,4),(18,'2024-05-02 21:26:35.976870','<p>Menguasai Java</p>','2024-05-13','082 - Back End Developer ','2024-05-02 21:26:35.976883',4,'Developer',1,2),(19,'2024-05-03 09:52:17.959412','<p>Bertanggung jawab atas serangkaian rencana inovasi dalam menciptakan produk yang diinginkan dan sejalan dengan brand atau strategi perusahaan.</p>','2024-05-06','001/LW/NEOBANK','2024-05-03 10:01:51.530604',1,'Product Designer',3,1),(20,'2024-05-03 12:48:01.694046','<p>Mewujudkan desain sebuah produk atau layanan, biasanya berupa software dan website.</p>','2024-05-06','002/LW/FRONT-END-DEVELOPER','2024-05-03 12:48:01.694097',1,'Developer',0,1),(21,'2024-05-06 14:03:01.823663','<ul><li>Dapat menguasai bahasa pemograman bahasa c</li><li>Berkomunikasi dengan baik</li></ul>','2024-05-07','LOWONGAN-003-GOJEK','2024-05-06 14:03:01.823680',1,'Developer',1,1),(22,'2024-05-08 09:57:14.284378','<p>Expert</p>','2024-05-22','087 - Fullstack Developer','2024-05-08 09:57:14.284421',1,'Developer',1,2),(23,'2024-05-08 15:32:55.591103','<p><strong>DIbutuhkan Segera</strong></p>','2024-05-31','088-Loker Developer','2024-05-08 15:32:55.591119',1,'Developer',1,5),(24,'2024-05-13 13:55:14.990125','<p>XJNSHHXSNJ</p>','2024-05-15','LOWONGAN/ID STAR','2024-05-13 13:55:14.990169',1,'Developer',0,5),(25,'2024-05-21 09:51:46.923873','<p><strong>Deskripsi Kerja :</strong></p><ol><li>Bertanggung jawab untuk pengembangan fitur back-end pada website dan aplikasi e-commerce perusahaan</li><li>Mengembangkan aplikasi pendukung penjualan di website e-commerce perusahaan</li><li>Bertanggung jawab untuk pengerjaan web service di website e-commerce perusahaan</li></ol><p>&nbsp;</p><p><strong>Kualifikasi :</strong></p><ol><li>Memiliki pengalaman di PHP Developer - Laravel dan Eloqueen</li><li>Familiar dengan docker set uo</li><li>Menguasai database MySQL dan ND SQL</li><li>Menguasai web service integration/creator</li><li>Bersedia penempatan di SCBD, Jakarta Selatan</li></ol>','2024-05-22','001 - First Apply ','2024-05-21 09:51:46.923883',1,'Developer',0,3),(26,'2024-05-21 09:52:50.517850','<p><strong>Requirement :</strong><br>1. memahami Git<br>2. Menguasai Laravel, nodejs, websocket, gRPC<br>3. memahami bahasa SQL<br>4. terbiasa menggunakan&nbsp;OS&nbsp;Linux</p>','2024-05-24','002 - Backend Developer','2024-05-21 09:52:50.517865',1,'Developer',1,5),(27,'2024-05-21 10:07:11.555304','<p><strong>Requirement :</strong>&nbsp;</p><ul><li>Minimal 2 years experience as System Analyst / Designer / Engineer&nbsp;</li><li>Excellent knowledge in Software Development Life Cycle (SDLC) process&nbsp;</li><li>Good experience in Entity Relational Database (ERD) design&nbsp;</li><li>Familiar with prototyping tools such as Figma, Balsamiq or Adobe XD&nbsp;</li><li>Capable to perform user story interview and task delegation for software development&nbsp;</li></ul>','2024-05-23','003 - System Analyst','2024-05-21 10:07:11.555313',1,'System Analyst',1,6),(28,'2024-05-21 10:09:27.646704','<p><strong>Requirements:</strong></p><p>- Create technical documentation for application needs (e.g. BRD, FSD, TSD/TDD, SIT Script &amp; Result, UAT Script &amp; Result, User Manual/User Guide, etc.)</p><p>- Ensure application quality, timely delivery, and attention to detail in the report, whether it is ad-hoc report or periodic report.</p><p>- Collaborate with Business Analyst, developers and other related teams to identify all documentation repositories, revise and edit, and determine the best solution for centralized data compilation and documentation</p><p>- Establish and evolve formal QA processes, ensuring the team uses industry-accepted best practices.</p><p>- Oversee all aspects of quality assurance, including establishing metrics, applying industry best practices, and developing new tools and processes to meet quality goals.</p><p>- Act as the crucial point of contact for all QA aspects of releases</p><p>-Develop and execute test cases, scripts, plans, and procedures (manual and automated).&nbsp;</p><p>- Ensure focusing on automation along with manual testing</p>','2024-05-23','004 - Quality Assurance','2024-05-21 10:09:27.646714',1,'Quality Assurance',2,3),(29,'2024-05-21 10:11:27.235862','<p><strong>Requirements</strong></p><ul><li>Proven working experience in technical writing of software documentation</li><li>Have experience minimum 1 years</li><li>Ability to deliver high quality documentation paying attention to detail</li><li>Ability to quickly grasp complex technical concepts and make them easily understandable in text and pictures</li><li>Familiar with Jira and confluence</li><li>Excellent written skills in English</li><li>Strong working knowledge of Microsoft Office</li><li>Basic familiarity with the SDLC and software development</li></ul>','2024-05-31','005 - Technical Writer','2024-05-28 10:25:47.065506',1,'Technical Writer',2,4),(30,'2024-06-10 15:28:35.093163','<p>MKOLMK</p>','2024-06-12','SHOPEE','2024-06-10 15:28:35.093204',1,'Business Analyst',0,1),(31,'2024-06-28 12:39:46.068492','<p>LJHGFGHJK;L</p>','2024-07-06','0003/QA/04','2024-06-28 12:40:06.609953',1,'Quality Assurance',1,2);
/*!40000 ALTER TABLE `job` ENABLE KEYS */;
UNLOCK TABLES;

--
-- Table structure for table `job_history`
--

DROP TABLE IF EXISTS `job_history`;
/*!40101 SET @saved_cs_client     = @@character_set_client */;
/*!50503 SET character_set_client = utf8mb4 */;
CREATE TABLE `job_history` (
  `id` int NOT NULL AUTO_INCREMENT,
  `company_name` varchar(255) COLLATE utf8mb4_unicode_ci DEFAULT NULL,
  `created_at` datetime(6) DEFAULT NULL,
  `created_by` int DEFAULT NULL,
  `description` varchar(255) COLLATE utf8mb4_unicode_ci DEFAULT NULL,
  `end_date` date DEFAULT NULL,
  `project_specification` varchar(255) COLLATE utf8mb4_unicode_ci DEFAULT NULL,
  `start_date` date DEFAULT NULL,
  `updated_at` datetime(6) DEFAULT NULL,
  `updated_by` int DEFAULT NULL,
  `contract_status_id` int DEFAULT NULL,
  `position_id` int DEFAULT NULL,
  `talent_id` varchar(255) COLLATE utf8mb4_unicode_ci DEFAULT NULL,
  PRIMARY KEY (`id`),
  KEY `FKgw3mxwuyc13parrxrb20hai18` (`contract_status_id`),
  KEY `FKl9kwdjq4mbf7aosj3nbl0arus` (`position_id`),
  KEY `FKpepvj199uq1lnxhhj6i5uhrye` (`talent_id`),
  CONSTRAINT `FKgw3mxwuyc13parrxrb20hai18` FOREIGN KEY (`contract_status_id`) REFERENCES `reference_param` (`id`),
  CONSTRAINT `FKl9kwdjq4mbf7aosj3nbl0arus` FOREIGN KEY (`position_id`) REFERENCES `reference_param` (`id`),
  CONSTRAINT `FKpepvj199uq1lnxhhj6i5uhrye` FOREIGN KEY (`talent_id`) REFERENCES `talent` (`id`)
) ENGINE=InnoDB AUTO_INCREMENT=4 DEFAULT CHARSET=utf8mb4 COLLATE=utf8mb4_unicode_ci;
/*!40101 SET character_set_client = @saved_cs_client */;

--
-- Dumping data for table `job_history`
--

LOCK TABLES `job_history` WRITE;
/*!40000 ALTER TABLE `job_history` DISABLE KEYS */;
INSERT INTO `job_history` VALUES (1,'Tech Innovators Inc.','2024-08-28 15:57:08.850638',NULL,'Worked as a Senior Software Developer, leading the backend development team.','2022-12-31','Developed a microservices-based architecture for the company\'s main product.','2022-01-01','2024-08-28 15:57:08.850638',NULL,779,20,'HR118836'),(2,'Dajjal Tech Solutions','2024-08-28 15:58:48.161739',NULL,'Led a team of developers in building scalable cloud applications.','2023-03-14','Implemented a CI/CD pipeline for automated testing and deployment.','2021-03-15','2024-08-28 15:59:10.681014',NULL,779,20,'HR118836');
/*!40000 ALTER TABLE `job_history` ENABLE KEYS */;
UNLOCK TABLES;

--
-- Table structure for table `language_skill`
--

DROP TABLE IF EXISTS `language_skill`;
/*!40101 SET @saved_cs_client     = @@character_set_client */;
/*!50503 SET character_set_client = utf8mb4 */;
CREATE TABLE `language_skill` (
  `id` int NOT NULL AUTO_INCREMENT,
  `created_at` datetime(6) DEFAULT NULL,
  `created_by` int DEFAULT NULL,
  `reading_ability_level` varchar(255) COLLATE utf8mb4_unicode_ci DEFAULT NULL,
  `speaking_ability_level` varchar(255) COLLATE utf8mb4_unicode_ci DEFAULT NULL,
  `updated_at` datetime(6) DEFAULT NULL,
  `updated_by` int DEFAULT NULL,
  `writing_ability_level` varchar(255) COLLATE utf8mb4_unicode_ci DEFAULT NULL,
  `language_id` int DEFAULT NULL,
  `talent_id` varchar(255) COLLATE utf8mb4_unicode_ci DEFAULT NULL,
  PRIMARY KEY (`id`),
  KEY `FKt0saddkaiyvqu3km35u50nde5` (`language_id`),
  KEY `FKk8tjf9lbv5m4ese9gks27pkd` (`talent_id`),
  CONSTRAINT `FKk8tjf9lbv5m4ese9gks27pkd` FOREIGN KEY (`talent_id`) REFERENCES `talent` (`id`),
  CONSTRAINT `FKt0saddkaiyvqu3km35u50nde5` FOREIGN KEY (`language_id`) REFERENCES `reference_param` (`id`)
) ENGINE=InnoDB AUTO_INCREMENT=2 DEFAULT CHARSET=utf8mb4 COLLATE=utf8mb4_unicode_ci;
/*!40101 SET character_set_client = @saved_cs_client */;

--
-- Dumping data for table `language_skill`
--

LOCK TABLES `language_skill` WRITE;
/*!40000 ALTER TABLE `language_skill` DISABLE KEYS */;
/*!40000 ALTER TABLE `language_skill` ENABLE KEYS */;
UNLOCK TABLES;

--
-- Table structure for table `message_template`
--

DROP TABLE IF EXISTS `message_template`;
/*!40101 SET @saved_cs_client     = @@character_set_client */;
/*!50503 SET character_set_client = utf8mb4 */;
CREATE TABLE `message_template` (
  `id` bigint NOT NULL AUTO_INCREMENT,
  `message` varchar(255) CHARACTER SET utf8mb4 COLLATE utf8mb4_unicode_ci NOT NULL,
  `type` int NOT NULL,
  PRIMARY KEY (`id`)
) ENGINE=InnoDB AUTO_INCREMENT=5 DEFAULT CHARSET=utf8mb4 COLLATE=utf8mb4_unicode_ci;
/*!40101 SET character_set_client = @saved_cs_client */;

--
-- Dumping data for table `message_template`
--

LOCK TABLES `message_template` WRITE;
/*!40000 ALTER TABLE `message_template` DISABLE KEYS */;
INSERT INTO `message_template` VALUES (3,'Halo {talent}, tanggal {date} kamu interview {online} di {detail} pukul {start} - {end}',0),(4,'Halo {talent}, tanggal {date} kamu interview ya',1);
/*!40000 ALTER TABLE `message_template` ENABLE KEYS */;
UNLOCK TABLES;

--
-- Table structure for table `organization`
--

DROP TABLE IF EXISTS `organization`;
/*!40101 SET @saved_cs_client     = @@character_set_client */;
/*!50503 SET character_set_client = utf8mb4 */;
CREATE TABLE `organization` (
  `id` int NOT NULL AUTO_INCREMENT,
  `created_at` datetime(6) DEFAULT NULL,
  `created_by` int DEFAULT NULL,
  `end_date` datetime(6) DEFAULT NULL,
  `organization_name` varchar(100) COLLATE utf8mb4_unicode_ci DEFAULT NULL,
  `start_date` datetime(6) DEFAULT NULL,
  `updated_at` datetime(6) DEFAULT NULL,
  `updated_by` int DEFAULT NULL,
  `talent_id` varchar(255) COLLATE utf8mb4_unicode_ci DEFAULT NULL,
  `reference_id` int DEFAULT NULL,
  PRIMARY KEY (`id`),
  KEY `FKsacsn5adkcay169brq1hevg0h` (`talent_id`),
  KEY `FKbb0aka0uvln3t0jwwk0jvjk9b` (`reference_id`),
  CONSTRAINT `FKbb0aka0uvln3t0jwwk0jvjk9b` FOREIGN KEY (`reference_id`) REFERENCES `reference_param` (`id`),
  CONSTRAINT `FKsacsn5adkcay169brq1hevg0h` FOREIGN KEY (`talent_id`) REFERENCES `talent` (`id`)
) ENGINE=InnoDB AUTO_INCREMENT=5 DEFAULT CHARSET=utf8mb4 COLLATE=utf8mb4_unicode_ci;
/*!40101 SET character_set_client = @saved_cs_client */;

--
-- Dumping data for table `organization`
--

LOCK TABLES `organization` WRITE;
/*!40000 ALTER TABLE `organization` DISABLE KEYS */;
/*!40000 ALTER TABLE `organization` ENABLE KEYS */;
UNLOCK TABLES;

--
-- Table structure for table `other_experience`
--

DROP TABLE IF EXISTS `other_experience`;
/*!40101 SET @saved_cs_client     = @@character_set_client */;
/*!50503 SET character_set_client = utf8mb4 */;
CREATE TABLE `other_experience` (
  `id` int NOT NULL AUTO_INCREMENT,
  `created_at` datetime(6) DEFAULT NULL,
  `created_by` int DEFAULT NULL,
  `description` varchar(255) COLLATE utf8mb4_unicode_ci DEFAULT NULL,
  `experience_date` datetime(6) DEFAULT NULL,
  `experience_name` varchar(64) COLLATE utf8mb4_unicode_ci DEFAULT NULL,
  `institute_name` varchar(100) COLLATE utf8mb4_unicode_ci DEFAULT NULL,
  `position_name` varchar(64) COLLATE utf8mb4_unicode_ci DEFAULT NULL,
  `updated_at` datetime(6) DEFAULT NULL,
  `updated_by` int DEFAULT NULL,
  `talent_id` varchar(255) COLLATE utf8mb4_unicode_ci DEFAULT NULL,
  PRIMARY KEY (`id`),
  KEY `FKkvfhhv6tklp23c31r2aikwmal` (`talent_id`),
  CONSTRAINT `FKkvfhhv6tklp23c31r2aikwmal` FOREIGN KEY (`talent_id`) REFERENCES `talent` (`id`)
) ENGINE=InnoDB AUTO_INCREMENT=6 DEFAULT CHARSET=utf8mb4 COLLATE=utf8mb4_unicode_ci;
/*!40101 SET character_set_client = @saved_cs_client */;

--
-- Dumping data for table `other_experience`
--

LOCK TABLES `other_experience` WRITE;
/*!40000 ALTER TABLE `other_experience` DISABLE KEYS */;
INSERT INTO `other_experience` VALUES (2,'2024-08-27 11:20:08.917627',NULL,'Developed features for the internal tools','2024-08-26 15:30:00.000000','asa','ABC Corp','Intern','2024-08-27 11:20:32.504185',NULL,NULL),(3,'2024-08-27 13:17:40.014611',NULL,'Developed features for the internal tools','2024-08-26 15:30:00.000000','asa','ABC Corp','Intern','2024-08-27 13:17:40.014611',NULL,NULL),(4,'2024-08-27 13:28:41.727018',NULL,'Developed features for the internal tools','2024-08-26 15:30:00.000000','asa','ABC Corp','Intern','2024-08-27 13:28:41.727018',NULL,'HR118836'),(5,'2024-08-27 13:30:36.386908',NULL,'Developed features for the internal tools','2024-08-26 15:30:00.000000','suka ga','Kadang sih gasuka','Intern','2024-08-27 13:30:36.386908',NULL,'HR118836');
/*!40000 ALTER TABLE `other_experience` ENABLE KEYS */;
UNLOCK TABLES;

--
-- Table structure for table `parameter`
--

DROP TABLE IF EXISTS `parameter`;
/*!40101 SET @saved_cs_client     = @@character_set_client */;
/*!50503 SET character_set_client = utf8mb4 */;
CREATE TABLE `parameter` (
  `id` bigint NOT NULL AUTO_INCREMENT,
  `type` int NOT NULL,
  `value` varchar(255) CHARACTER SET utf8mb4 COLLATE utf8mb4_unicode_ci NOT NULL,
  PRIMARY KEY (`id`)
) ENGINE=InnoDB AUTO_INCREMENT=3 DEFAULT CHARSET=utf8mb4 COLLATE=utf8mb4_unicode_ci;
/*!40101 SET character_set_client = @saved_cs_client */;

--
-- Dumping data for table `parameter`
--

LOCK TABLES `parameter` WRITE;
/*!40000 ALTER TABLE `parameter` DISABLE KEYS */;
INSERT INTO `parameter` VALUES (1,0,'fariz@mail.com'),(2,1,'penting');
/*!40000 ALTER TABLE `parameter` ENABLE KEYS */;
UNLOCK TABLES;

--
-- Table structure for table `privilege`
--

DROP TABLE IF EXISTS `privilege`;
/*!40101 SET @saved_cs_client     = @@character_set_client */;
/*!50503 SET character_set_client = utf8mb4 */;
CREATE TABLE `privilege` (
  `id` bigint NOT NULL AUTO_INCREMENT,
  `name` varchar(255) CHARACTER SET utf8mb4 COLLATE utf8mb4_unicode_ci NOT NULL,
  `type` varchar(255) CHARACTER SET utf8mb4 COLLATE utf8mb4_unicode_ci NOT NULL,
  `func` varchar(255) CHARACTER SET utf8mb4 COLLATE utf8mb4_unicode_ci DEFAULT NULL,
  PRIMARY KEY (`id`)
) ENGINE=InnoDB AUTO_INCREMENT=52 DEFAULT CHARSET=utf8mb4 COLLATE=utf8mb4_unicode_ci;
/*!40101 SET character_set_client = @saved_cs_client */;

--
-- Dumping data for table `privilege`
--

LOCK TABLES `privilege` WRITE;
/*!40000 ALTER TABLE `privilege` DISABLE KEYS */;
INSERT INTO `privilege` VALUES (1,'CREATE_ROLE','ROLE','Membuat Data Role'),(2,'READ_ROLE','ROLE','Melihat Data Role'),(3,'UPDATE_ROLE','ROLE','Merubah Data Role'),(4,'DELETE_ROLE','ROLE','Menghapus Data Role'),(5,'READ_PRIVILEGE','PRIVILEGE','Melihat Data Privilege'),(6,'MANAGEMENT_CREATE_ACCOUNT','MANAGEMENT ACCOUNT','Admin Membuat Data Akun'),(7,'MANAGEMENT_READ_ACCOUNT','MANAGEMENT ACCOUNT','Admin Melihat Data Akun'),(8,'MANAGEMENT_UPDATE_ACCOUNT','MANAGEMENT ACCOUNT','Admin Merubah Data Akun'),(9,'MANAGEMENT_DELETE_ACCOUNT','MANAGEMENT ACCOUNT','Admin Menghapus Data Akun'),(10,'EXTERNAL_CREATE_ACCOUNT','EXTERNAL ACCOUNT','Menambah Akun'),(11,'EXTERNAL_READ_ACCOUNT','EXTERNAL ACCOUNT','Melihat Data Akun'),(12,'EXTERNAL_UPDATE_ACCOUNT','EXTERNAL ACCOUNT','Merubah Data Akun'),(13,'EXTERNAL_DELETE_ACCOUNT','EXTERNAL ACCOUNT','Menghapus Data Akun'),(14,'CREATE_INSTITUTE','INSTITUTE','Membuat Data Instansi'),(15,'READ_INSTITUTE','INSTITUTE','Melihat Data Instansi'),(16,'UPDATE_INSTITUTE','INSTITUTE','Merubah Data Instansi'),(17,'DELETE_INSTITUTE','INSTITUTE','Menghapus Data Instansi'),(18,'READ_INSTITUTE_TYPE','INSTITUTE TYPE','Melihat Data Tipe Instansi'),(19,'CREATE_TALENT','TALENT','Membuat Data Talent'),(20,'READ_TALENT','TALENT','Melihat Data Talent'),(21,'UPDATE_TALENT','TALENT','Merubah Data Talent'),(22,'DELETE_TALENT','TALENT','Menghapus Data Talent'),(23,'CREATE_HOLIDAY','HOLIDAY','Membuat Data Liburan'),(24,'READ_HOLIDAY','HOLIDAY','Melihat Data Liburan'),(25,'UPDATE_HOLIDAY','HOLIDAY','Merubah Data Liburan'),(26,'DELETE_HOLIDAY','HOLIDAY','Menghapus Data Liburan'),(27,'CREATE_MESSAGE_TEMPLATE','MESSAGE TEMPLATE','Membuat Data Templat Pesan'),(28,'READ_MESSAGE_TEMPLATE','MESSAGE TEMPLATE','Melihat Data Templat Pesan'),(29,'UPDATE_MESSAGE_TEMPLATE','MESSAGE TEMPLATE','Merubah Data Templat Pesan'),(30,'DELETE_MESSAGE_TEMPLATE','MESSAGE TEMPLATE','Menghapus Data Templat Pesan'),(31,'CREATE_PARAMETER','PARAMETER','Membuat Data Parameter'),(32,'READ_PARAMETER','PARAMETER','Melihat Data Parameter'),(33,'UPDATE_PARAMETER','PARAMETER','Merubah Data Parameter'),(34,'DELETE_PARAMETER','PARAMETER','Menghapus Data Parameter'),(35,'CREATE_INTERVIEW','INTERVIEW','Membuat Data Wawancara'),(36,'READ_INTERVIEW','INTERVIEW','Melihat Data Wawancara'),(37,'UPDATE_INTERVIEW','INTERVIEW','Merubah Data Wawancara'),(38,'DELETE_INTERVIEW','INTERVIEW','Menghapus Data Wawancara'),(39,'CREATE_JOB','JOB','Membuat Data Lowongan'),(40,'READ_JOB','JOB','Melihat Data Lowongan'),(41,'UPDATE_JOB','JOB','Merubah Data Lowongan'),(42,'DELETE_JOB','JOB','Menghapus Data Lowongan'),(43,'CREATE_APPLICANT','APPLICANT','Membuat Data Pelamar'),(44,'READ_APPLICANT','APPLICANT','Melihat Data Pelamar'),(45,'UPDATE_APPLICANT','APPLICANT','Merubah Data Pelamar'),(46,'DELETE_APPLICANT','APPLICANT','Menghapus Data Pelamar'),(47,'CREATE_APPLICANT_NOMINEE','APPLICANT NOMINEE','Membuat Data Calon Pelamar'),(48,'READ_APPLICANT_NOMINEE','APPLICANT NOMINEE','Melihat Data Calon Pelamar'),(49,'UPDATE_APPLICANT_NOMINEE','APPLICANT NOMINEE','Merubah Data Calon Pelamar'),(50,'DELETE_APPLICANT_NOMINEE','APPLICANT NOMINEE','Menghapus Data Calon Pelamar'),(51,'UPDATE_PROFILE','PROFILE','Merubah Data Profil');
/*!40000 ALTER TABLE `privilege` ENABLE KEYS */;
UNLOCK TABLES;

--
-- Table structure for table `project`
--

DROP TABLE IF EXISTS `project`;
/*!40101 SET @saved_cs_client     = @@character_set_client */;
/*!50503 SET character_set_client = utf8mb4 */;
CREATE TABLE `project` (
  `id` int NOT NULL AUTO_INCREMENT,
  `created_at` datetime(6) DEFAULT NULL,
  `created_by` int DEFAULT NULL,
  `description` varchar(255) COLLATE utf8mb4_unicode_ci DEFAULT NULL,
  `end_date` date DEFAULT NULL,
  `institution` varchar(64) COLLATE utf8mb4_unicode_ci NOT NULL,
  `project_name` varchar(64) COLLATE utf8mb4_unicode_ci NOT NULL,
  `start_date` date DEFAULT NULL,
  `updated_at` datetime(6) DEFAULT NULL,
  `updated_by` int DEFAULT NULL,
  `reference_id` int DEFAULT NULL,
  `talent_id` varchar(255) COLLATE utf8mb4_unicode_ci DEFAULT NULL,
  PRIMARY KEY (`id`),
  KEY `FK4n3yjrhpw653msbtlldp00q2o` (`reference_id`),
  KEY `FK1tbmnalrhmuhuj493dy0fo6r7` (`talent_id`),
  CONSTRAINT `FK1tbmnalrhmuhuj493dy0fo6r7` FOREIGN KEY (`talent_id`) REFERENCES `talent` (`id`),
  CONSTRAINT `FK4n3yjrhpw653msbtlldp00q2o` FOREIGN KEY (`reference_id`) REFERENCES `reference_param` (`id`)
) ENGINE=InnoDB AUTO_INCREMENT=3 DEFAULT CHARSET=utf8mb4 COLLATE=utf8mb4_unicode_ci;
/*!40101 SET character_set_client = @saved_cs_client */;

--
-- Dumping data for table `project`
--

LOCK TABLES `project` WRITE;
/*!40000 ALTER TABLE `project` DISABLE KEYS */;
INSERT INTO `project` VALUES (1,'2024-08-28 14:47:51.604719',NULL,'Developed a full-stack e-commerce platform with payment gateway integration.','2024-06-03','ABC Tech Solutions','E-Commerce Website Development','2023-01-01','2024-08-28 14:47:51.604719',NULL,441,'HR118836'),(2,'2024-08-28 14:48:28.116375',NULL,'Developed a full-stack e-commerce platform with payment gateway integration.','2024-06-03','MII Tech Solutions','E-Commerce Mobile Development','2024-01-01','2024-08-28 14:49:05.766591',NULL,441,'HR118836');
/*!40000 ALTER TABLE `project` ENABLE KEYS */;
UNLOCK TABLES;

--
-- Table structure for table `recommendation`
--

DROP TABLE IF EXISTS `recommendation`;
/*!40101 SET @saved_cs_client     = @@character_set_client */;
/*!50503 SET character_set_client = utf8mb4 */;
CREATE TABLE `recommendation` (
  `id` bigint NOT NULL AUTO_INCREMENT,
  `created_at` datetime(6) DEFAULT NULL,
  `description` varchar(255) CHARACTER SET utf8mb4 COLLATE utf8mb4_unicode_ci DEFAULT NULL,
  `position` varchar(255) CHARACTER SET utf8mb4 COLLATE utf8mb4_unicode_ci DEFAULT NULL,
  `updated_at` datetime(6) DEFAULT NULL,
  `job_id` bigint DEFAULT NULL,
  PRIMARY KEY (`id`),
  KEY `FKqf8hegqs70pau4c13islk39um` (`job_id`),
  CONSTRAINT `FKqf8hegqs70pau4c13islk39um` FOREIGN KEY (`job_id`) REFERENCES `job` (`id`)
) ENGINE=InnoDB AUTO_INCREMENT=32 DEFAULT CHARSET=utf8mb4 COLLATE=utf8mb4_unicode_ci;
/*!40101 SET character_set_client = @saved_cs_client */;

--
-- Dumping data for table `recommendation`
--

LOCK TABLES `recommendation` WRITE;
/*!40000 ALTER TABLE `recommendation` DISABLE KEYS */;
INSERT INTO `recommendation` VALUES (1,'2024-02-13 17:06:21.889758','Developer Java','Developer','2024-02-13 17:06:21.901504',NULL),(2,'2024-02-15 16:30:43.713323','Interview Developer','Developer','2024-02-15 16:30:43.713323',1),(3,'2024-02-15 20:25:19.971602','Rekom','Quality Assurance','2024-02-15 20:25:19.971602',2),(4,'2024-02-15 20:27:32.586700','percobaan lagi','Data Engineer','2024-02-15 20:27:32.586700',4),(5,'2024-02-15 20:29:49.786142','Coba 2','Koordinator Lapangan','2024-02-15 20:29:49.786142',4),(7,'2024-02-15 20:35:39.037628','Percobaan Selanjutnya','Quality Assurance','2024-02-15 20:35:39.037628',4),(8,'2024-02-15 20:42:52.065040','coba support','Application Support','2024-02-15 20:42:52.065040',1),(9,'2024-02-15 23:24:34.983795','Percobaan','Developer','2024-02-15 23:24:34.983795',4),(10,'2024-02-16 09:30:47.500093','DevOps','DevOps','2024-02-16 09:30:47.500093',1),(13,'2024-02-18 14:30:19.827695','QA/SA','System Analyst','2024-02-18 14:30:19.827695',2),(14,'2024-02-18 14:32:04.609226','Web Developer','Menolak','2024-02-18 14:32:04.609226',1),(15,'2024-02-27 15:03:36.302733','New','Quality Control','2024-02-27 15:03:36.302733',NULL),(16,'2024-02-27 15:14:02.492236','Rekomen Baru','IT Support','2024-02-27 15:14:02.492236',NULL),(17,'2024-04-30 10:11:32.297131','bebas','Developer','2024-04-30 10:11:32.297148',NULL),(18,'2024-05-02 19:50:33.557155','Jago','Developer','2024-05-02 19:50:33.557164',NULL),(20,'2024-05-02 21:35:07.509189','3 tahun pengalaman','Developer','2024-05-02 21:35:07.509198',18),(21,'2024-05-03 06:38:58.622538','BAGUS BEKERJA','Developer','2024-05-03 06:38:58.622546',16),(22,'2024-05-03 06:55:07.253253','BAGUS BEKERJA','Developer','2024-05-03 06:55:07.253262',16),(23,'2024-05-03 09:57:17.539920','Bagus Bekerja','Product Designer','2024-05-03 09:57:17.539943',19),(24,'2024-05-03 12:50:01.200737','goodm','Developer','2024-05-03 12:50:01.200749',18),(25,'2024-05-03 16:25:19.923587','3 tahun pengalaman','Developer','2024-05-03 16:25:19.923600',20),(26,'2024-05-13 14:00:40.005206','JJJJJ','Developer','2024-05-13 14:00:40.005223',24),(27,'2024-05-21 10:59:51.550314','Ini bagus, segera di rekrut ya!','backend','2024-05-21 10:59:51.550326',26),(28,'2024-05-21 11:09:07.771428','Ini bagus, segera di rekrut ya!','backend','2024-05-21 11:09:07.771438',26),(29,'2024-06-25 10:10:23.234649','N/A','Technical Writer','2024-06-25 10:10:23.234679',29),(30,'2024-06-25 10:40:01.472070','N/A','Technical Writer','2024-06-25 10:40:01.472086',29),(31,'2024-06-25 10:50:10.197301','N/A','Technical Writer','2024-06-25 10:50:10.197312',29);
/*!40000 ALTER TABLE `recommendation` ENABLE KEYS */;
UNLOCK TABLES;

--
-- Table structure for table `recommendation_institute`
--

DROP TABLE IF EXISTS `recommendation_institute`;
/*!40101 SET @saved_cs_client     = @@character_set_client */;
/*!50503 SET character_set_client = utf8mb4 */;
CREATE TABLE `recommendation_institute` (
  `recommendation_id` bigint NOT NULL,
  `institute_id` bigint NOT NULL,
  KEY `FKm5ucfsvbuujqeakxvi7eyw59n` (`institute_id`),
  KEY `FK3v5r8qwlntcg3nnh9g7dfr4xk` (`recommendation_id`),
  CONSTRAINT `FK3v5r8qwlntcg3nnh9g7dfr4xk` FOREIGN KEY (`recommendation_id`) REFERENCES `recommendation` (`id`),
  CONSTRAINT `FKm5ucfsvbuujqeakxvi7eyw59n` FOREIGN KEY (`institute_id`) REFERENCES `institute` (`id`)
) ENGINE=InnoDB DEFAULT CHARSET=utf8mb4 COLLATE=utf8mb4_unicode_ci;
/*!40101 SET character_set_client = @saved_cs_client */;

--
-- Dumping data for table `recommendation_institute`
--

LOCK TABLES `recommendation_institute` WRITE;
/*!40000 ALTER TABLE `recommendation_institute` DISABLE KEYS */;
INSERT INTO `recommendation_institute` VALUES (1,3),(2,3),(3,3),(4,5),(5,5),(7,5),(8,3),(9,3),(10,3),(13,3),(14,5),(15,3),(16,3),(17,3),(18,1),(18,12),(20,12),(21,1),(22,1),(23,12),(24,13),(25,12),(26,4),(27,20),(28,20),(29,3),(30,8),(31,8);
/*!40000 ALTER TABLE `recommendation_institute` ENABLE KEYS */;
UNLOCK TABLES;

--
-- Table structure for table `recommendation_talent_ids`
--

DROP TABLE IF EXISTS `recommendation_talent_ids`;
/*!40101 SET @saved_cs_client     = @@character_set_client */;
/*!50503 SET character_set_client = utf8mb4 */;
CREATE TABLE `recommendation_talent_ids` (
  `recommendation_id` bigint NOT NULL,
  `talent_ids` varchar(255) CHARACTER SET utf8mb4 COLLATE utf8mb4_unicode_ci DEFAULT NULL,
  KEY `FKgb9d2kwlp6xl6f6lrrau6vcof` (`recommendation_id`),
  CONSTRAINT `FKgb9d2kwlp6xl6f6lrrau6vcof` FOREIGN KEY (`recommendation_id`) REFERENCES `recommendation` (`id`)
) ENGINE=InnoDB DEFAULT CHARSET=utf8mb4 COLLATE=utf8mb4_unicode_ci;
/*!40101 SET character_set_client = @saved_cs_client */;

--
-- Dumping data for table `recommendation_talent_ids`
--

LOCK TABLES `recommendation_talent_ids` WRITE;
/*!40000 ALTER TABLE `recommendation_talent_ids` DISABLE KEYS */;
INSERT INTO `recommendation_talent_ids` VALUES (1,'UH71'),(2,'UH72'),(3,'MA00007298'),(4,'UH73'),(5,'MA00009670'),(5,'MA00003735'),(5,'MA00008483'),(7,'MA00003735'),(7,'MA00007298'),(7,'MA00010167'),(8,'MA00000447'),(8,'MA00010332'),(8,'HR119324'),(9,'MA00009670'),(10,'UH73'),(10,'MA00009670'),(10,'MA00010332'),(10,'MA00003735'),(10,'UH72'),(10,'UH71'),(13,'MA00008483'),(14,'MA00008483'),(14,'MA00003735'),(15,'UH111'),(16,'UH111'),(17,'MA00010093'),(18,'UH131'),(18,'UH132'),(20,'UH136'),(21,'UH137'),(22,'UH133'),(23,'UH138'),(24,'HR119225'),(24,'MA00010188'),(25,'UH137'),(26,'UH1310'),(27,'MA00010093'),(28,'HR119242'),(29,'UH182'),(30,'UH1312'),(31,'UH1011');
/*!40000 ALTER TABLE `recommendation_talent_ids` ENABLE KEYS */;
UNLOCK TABLES;

--
-- Table structure for table `recommendation_user`
--

DROP TABLE IF EXISTS `recommendation_user`;
/*!40101 SET @saved_cs_client     = @@character_set_client */;
/*!50503 SET character_set_client = utf8mb4 */;
CREATE TABLE `recommendation_user` (
  `recommendation_id` bigint NOT NULL,
  `institute_id` bigint NOT NULL,
  `user_id` bigint NOT NULL,
  KEY `FKerop5bvd59ccq9rqusxyy6uox` (`institute_id`),
  KEY `FKa5bnyhlj6qg09m7u1n7l53mou` (`recommendation_id`),
  KEY `FKc29cvu12kv3tom1avs2qmuy0k` (`user_id`),
  CONSTRAINT `FKa5bnyhlj6qg09m7u1n7l53mou` FOREIGN KEY (`recommendation_id`) REFERENCES `recommendation` (`id`),
  CONSTRAINT `FKc29cvu12kv3tom1avs2qmuy0k` FOREIGN KEY (`user_id`) REFERENCES `user` (`id`),
  CONSTRAINT `FKerop5bvd59ccq9rqusxyy6uox` FOREIGN KEY (`institute_id`) REFERENCES `user` (`id`)
) ENGINE=InnoDB DEFAULT CHARSET=utf8mb4 COLLATE=utf8mb4_unicode_ci;
/*!40101 SET character_set_client = @saved_cs_client */;

--
-- Dumping data for table `recommendation_user`
--

LOCK TABLES `recommendation_user` WRITE;
/*!40000 ALTER TABLE `recommendation_user` DISABLE KEYS */;
/*!40000 ALTER TABLE `recommendation_user` ENABLE KEYS */;
UNLOCK TABLES;

--
-- Table structure for table `reference_param`
--

DROP TABLE IF EXISTS `reference_param`;
/*!40101 SET @saved_cs_client     = @@character_set_client */;
/*!50503 SET character_set_client = utf8mb4 */;
CREATE TABLE `reference_param` (
  `id` int NOT NULL AUTO_INCREMENT,
  `created_at` datetime(6) DEFAULT NULL,
  `created_by` int DEFAULT NULL,
  `is_active` bit(1) DEFAULT NULL,
  `reference_group1` varchar(255) COLLATE utf8mb4_unicode_ci DEFAULT NULL,
  `reference_group2` int DEFAULT NULL,
  `reference_name` varchar(255) COLLATE utf8mb4_unicode_ci DEFAULT NULL,
  `remarks` varchar(255) COLLATE utf8mb4_unicode_ci DEFAULT NULL,
  `updated_at` datetime(6) DEFAULT NULL,
  `updated_by` int DEFAULT NULL,
  PRIMARY KEY (`id`)
) ENGINE=InnoDB AUTO_INCREMENT=1297 DEFAULT CHARSET=utf8mb4 COLLATE=utf8mb4_unicode_ci;
/*!40101 SET character_set_client = @saved_cs_client */;

--
-- Dumping data for table `reference_param`
--

LOCK TABLES `reference_param` WRITE;
/*!40000 ALTER TABLE `reference_param` DISABLE KEYS */;
INSERT INTO `reference_param` VALUES (20,'2024-08-28 00:00:00.000000',1,_binary '','agama',NULL,'Islam','',NULL,NULL),(21,'2024-08-28 00:00:00.000000',1,_binary '','agama',NULL,'Kristen','',NULL,NULL),(22,'2024-08-28 00:00:00.000000',1,_binary '','agama',NULL,'Katolik','',NULL,NULL),(23,'2024-08-28 00:00:00.000000',1,_binary '','agama',NULL,'Hindu','',NULL,NULL),(24,'2024-08-28 00:00:00.000000',1,_binary '','agama',NULL,'Buddha','',NULL,NULL),(25,'2024-08-28 00:00:00.000000',1,_binary '','agama',NULL,'Konghucu','',NULL,NULL),(26,'2024-08-28 00:00:00.000000',1,_binary '','gender',NULL,'Laki-laki',NULL,NULL,NULL),(27,'2024-08-28 00:00:00.000000',1,_binary '','gender',NULL,'Perempuan',NULL,NULL,NULL),(28,'2024-08-28 00:00:00.000000',1,_binary '','level',NULL,'Beginner',NULL,NULL,NULL),(29,'2024-08-28 00:00:00.000000',1,_binary '','level',NULL,'Intermediate',NULL,NULL,NULL),(30,'2024-08-28 00:00:00.000000',1,_binary '','level',NULL,'Advanced',NULL,NULL,NULL),(31,'2024-08-28 00:00:00.000000',1,_binary '','nationality',NULL,'Afghanistan',NULL,NULL,NULL),(32,'2024-08-28 00:00:00.000000',1,_binary '','nationality',NULL,'Albania',NULL,NULL,NULL),(33,'2024-08-28 00:00:00.000000',1,_binary '','nationality',NULL,'Algeria',NULL,NULL,NULL),(34,'2024-08-28 00:00:00.000000',1,_binary '','nationality',NULL,'Andorra',NULL,NULL,NULL),(35,'2024-08-28 00:00:00.000000',1,_binary '','nationality',NULL,'Angola',NULL,NULL,NULL),(36,'2024-08-28 00:00:00.000000',1,_binary '','nationality',NULL,'Antigua dan Barbuda',NULL,NULL,NULL),(37,'2024-08-28 00:00:00.000000',1,_binary '','nationality',NULL,'Argentina',NULL,NULL,NULL),(38,'2024-08-28 00:00:00.000000',1,_binary '','nationality',NULL,'Armenia',NULL,NULL,NULL),(39,'2024-08-28 00:00:00.000000',1,_binary '','nationality',NULL,'Australia',NULL,NULL,NULL),(40,'2024-08-28 00:00:00.000000',1,_binary '','nationality',NULL,'Austria',NULL,NULL,NULL),(41,'2024-08-28 00:00:00.000000',1,_binary '','nationality',NULL,'Azerbaijan',NULL,NULL,NULL),(42,'2024-08-28 00:00:00.000000',1,_binary '','nationality',NULL,'Bahama',NULL,NULL,NULL),(43,'2024-08-28 00:00:00.000000',1,_binary '','nationality',NULL,'Bahrain',NULL,NULL,NULL),(44,'2024-08-28 00:00:00.000000',1,_binary '','nationality',NULL,'Bangladesh',NULL,NULL,NULL),(45,'2024-08-28 00:00:00.000000',1,_binary '','nationality',NULL,'Barbados',NULL,NULL,NULL),(46,'2024-08-28 00:00:00.000000',1,_binary '','nationality',NULL,'Belarus',NULL,NULL,NULL),(47,'2024-08-28 00:00:00.000000',1,_binary '','nationality',NULL,'Belgium',NULL,NULL,NULL),(48,'2024-08-28 00:00:00.000000',1,_binary '','nationality',NULL,'Belize',NULL,NULL,NULL),(49,'2024-08-28 00:00:00.000000',1,_binary '','nationality',NULL,'Benin',NULL,NULL,NULL),(50,'2024-08-28 00:00:00.000000',1,_binary '','nationality',NULL,'Bhutan',NULL,NULL,NULL),(51,'2024-08-28 00:00:00.000000',1,_binary '','nationality',NULL,'Bolivia',NULL,NULL,NULL),(52,'2024-08-28 00:00:00.000000',1,_binary '','nationality',NULL,'Bosnia and Herzegovina',NULL,NULL,NULL),(53,'2024-08-28 00:00:00.000000',1,_binary '','nationality',NULL,'Botswana',NULL,NULL,NULL),(54,'2024-08-28 00:00:00.000000',1,_binary '','nationality',NULL,'Brazil',NULL,NULL,NULL),(55,'2024-08-28 00:00:00.000000',1,_binary '','nationality',NULL,'Brunei Darussalam',NULL,NULL,NULL),(56,'2024-08-28 00:00:00.000000',1,_binary '','nationality',NULL,'Bulgaria',NULL,NULL,NULL),(57,'2024-08-28 00:00:00.000000',1,_binary '','nationality',NULL,'Burkina Faso',NULL,NULL,NULL),(58,'2024-08-28 00:00:00.000000',1,_binary '','nationality',NULL,'Burundi',NULL,NULL,NULL),(59,'2024-08-28 00:00:00.000000',1,_binary '','nationality',NULL,'Cambodia',NULL,NULL,NULL),(60,'2024-08-28 00:00:00.000000',1,_binary '','nationality',NULL,'Cameroon',NULL,NULL,NULL),(61,'2024-08-28 00:00:00.000000',1,_binary '','nationality',NULL,'Canada',NULL,NULL,NULL),(62,'2024-08-28 00:00:00.000000',1,_binary '','nationality',NULL,'Cape Verde',NULL,NULL,NULL),(63,'2024-08-28 00:00:00.000000',1,_binary '','nationality',NULL,'Central African',NULL,NULL,NULL),(64,'2024-08-28 00:00:00.000000',1,_binary '','nationality',NULL,'Chad',NULL,NULL,NULL),(65,'2024-08-28 00:00:00.000000',1,_binary '','nationality',NULL,'Chile',NULL,NULL,NULL),(66,'2024-08-28 00:00:00.000000',1,_binary '','nationality',NULL,'China',NULL,NULL,NULL),(67,'2024-08-28 00:00:00.000000',1,_binary '','nationality',NULL,'Colombia',NULL,NULL,NULL),(68,'2024-08-28 00:00:00.000000',1,_binary '','nationality',NULL,'Comoros',NULL,NULL,NULL),(69,'2024-08-28 00:00:00.000000',1,_binary '','nationality',NULL,'Congo Republic',NULL,NULL,NULL),(70,'2024-08-28 00:00:00.000000',1,_binary '','nationality',NULL,'Costa Rica',NULL,NULL,NULL),(71,'2024-08-28 00:00:00.000000',1,_binary '','nationality',NULL,'Croatia',NULL,NULL,NULL),(72,'2024-08-28 00:00:00.000000',1,_binary '','nationality',NULL,'Cuba',NULL,NULL,NULL),(73,'2024-08-28 00:00:00.000000',1,_binary '','nationality',NULL,'Cyprus',NULL,NULL,NULL),(74,'2024-08-28 00:00:00.000000',1,_binary '','nationality',NULL,'Czech Republic',NULL,NULL,NULL),(75,'2024-08-28 00:00:00.000000',1,_binary '','nationality',NULL,'Democratic Republic of the Congo',NULL,NULL,NULL),(76,'2024-08-28 00:00:00.000000',1,_binary '','nationality',NULL,'Denmark',NULL,NULL,NULL),(77,'2024-08-28 00:00:00.000000',1,_binary '','nationality',NULL,'Djibouti',NULL,NULL,NULL),(78,'2024-08-28 00:00:00.000000',1,_binary '','nationality',NULL,'Dominica',NULL,NULL,NULL),(79,'2024-08-28 00:00:00.000000',1,_binary '','nationality',NULL,'Dominican Republic',NULL,NULL,NULL),(80,'2024-08-28 00:00:00.000000',1,_binary '','nationality',NULL,'Ecuador',NULL,NULL,NULL),(81,'2024-08-28 00:00:00.000000',1,_binary '','nationality',NULL,'Egypt',NULL,NULL,NULL),(82,'2024-08-28 00:00:00.000000',1,_binary '','nationality',NULL,'El Salvador',NULL,NULL,NULL),(83,'2024-08-28 00:00:00.000000',1,_binary '','nationality',NULL,'Eritrea',NULL,NULL,NULL),(84,'2024-08-28 00:00:00.000000',1,_binary '','nationality',NULL,'Estonia',NULL,NULL,NULL),(85,'2024-08-28 00:00:00.000000',1,_binary '','nationality',NULL,'Ethiopia',NULL,NULL,NULL),(86,'2024-08-28 00:00:00.000000',1,_binary '','nationality',NULL,'Fiji',NULL,NULL,NULL),(87,'2024-08-28 00:00:00.000000',1,_binary '','nationality',NULL,'Finlandia',NULL,NULL,NULL),(88,'2024-08-28 00:00:00.000000',1,_binary '','nationality',NULL,'France',NULL,NULL,NULL),(89,'2024-08-28 00:00:00.000000',1,_binary '','nationality',NULL,'Gabon',NULL,NULL,NULL),(90,'2024-08-28 00:00:00.000000',1,_binary '','nationality',NULL,'Gambia',NULL,NULL,NULL),(91,'2024-08-28 00:00:00.000000',1,_binary '','nationality',NULL,'Georgia',NULL,NULL,NULL),(92,'2024-08-28 00:00:00.000000',1,_binary '','nationality',NULL,'Germany',NULL,NULL,NULL),(93,'2024-08-28 00:00:00.000000',1,_binary '','nationality',NULL,'Ghana',NULL,NULL,NULL),(94,'2024-08-28 00:00:00.000000',1,_binary '','nationality',NULL,'Great Britain',NULL,NULL,NULL),(95,'2024-08-28 00:00:00.000000',1,_binary '','nationality',NULL,'Greek',NULL,NULL,NULL),(96,'2024-08-28 00:00:00.000000',1,_binary '','nationality',NULL,'Grenada',NULL,NULL,NULL),(97,'2024-08-28 00:00:00.000000',1,_binary '','nationality',NULL,'Guatemala',NULL,NULL,NULL),(98,'2024-08-28 00:00:00.000000',1,_binary '','nationality',NULL,'Guinea',NULL,NULL,NULL),(99,'2024-08-28 00:00:00.000000',1,_binary '','nationality',NULL,'Guinea Khatulistiwa',NULL,NULL,NULL),(100,'2024-08-28 00:00:00.000000',1,_binary '','nationality',NULL,'Guinea-Bissau',NULL,NULL,NULL),(101,'2024-08-28 00:00:00.000000',1,_binary '','nationality',NULL,'Guyana',NULL,NULL,NULL),(102,'2024-08-28 00:00:00.000000',1,_binary '','nationality',NULL,'Haiti',NULL,NULL,NULL),(103,'2024-08-28 00:00:00.000000',1,_binary '','nationality',NULL,'Honduras',NULL,NULL,NULL),(104,'2024-08-28 00:00:00.000000',1,_binary '','nationality',NULL,'Hungary',NULL,NULL,NULL),(105,'2024-08-28 00:00:00.000000',1,_binary '','nationality',NULL,'Iceland',NULL,NULL,NULL),(106,'2024-08-28 00:00:00.000000',1,_binary '','nationality',NULL,'India',NULL,NULL,NULL),(107,'2024-08-28 00:00:00.000000',1,_binary '','nationality',NULL,'Indonesia',NULL,NULL,NULL),(108,'2024-08-28 00:00:00.000000',1,_binary '','nationality',NULL,'Irak',NULL,NULL,NULL),(109,'2024-08-28 00:00:00.000000',1,_binary '','nationality',NULL,'Iran',NULL,NULL,NULL),(110,'2024-08-28 00:00:00.000000',1,_binary '','nationality',NULL,'Ireland',NULL,NULL,NULL),(111,'2024-08-28 00:00:00.000000',1,_binary '','nationality',NULL,'Israel',NULL,NULL,NULL),(112,'2024-08-28 00:00:00.000000',1,_binary '','nationality',NULL,'Italy',NULL,NULL,NULL),(113,'2024-08-28 00:00:00.000000',1,_binary '','nationality',NULL,'Ivory Coast',NULL,NULL,NULL),(114,'2024-08-28 00:00:00.000000',1,_binary '','nationality',NULL,'Jamaica',NULL,NULL,NULL),(115,'2024-08-28 00:00:00.000000',1,_binary '','nationality',NULL,'Japan',NULL,NULL,NULL),(116,'2024-08-28 00:00:00.000000',1,_binary '','nationality',NULL,'Jordan',NULL,NULL,NULL),(117,'2024-08-28 00:00:00.000000',1,_binary '','nationality',NULL,'Kazakhstan',NULL,NULL,NULL),(118,'2024-08-28 00:00:00.000000',1,_binary '','nationality',NULL,'Kenya',NULL,NULL,NULL),(119,'2024-08-28 00:00:00.000000',1,_binary '','nationality',NULL,'Kiribati',NULL,NULL,NULL),(120,'2024-08-28 00:00:00.000000',1,_binary '','nationality',NULL,'Kuwait',NULL,NULL,NULL),(121,'2024-08-28 00:00:00.000000',1,_binary '','nationality',NULL,'Kyrgyzstan',NULL,NULL,NULL),(122,'2024-08-28 00:00:00.000000',1,_binary '','nationality',NULL,'Laos',NULL,NULL,NULL),(123,'2024-08-28 00:00:00.000000',1,_binary '','nationality',NULL,'Latvia',NULL,NULL,NULL),(124,'2024-08-28 00:00:00.000000',1,_binary '','nationality',NULL,'Lebanon',NULL,NULL,NULL),(125,'2024-08-28 00:00:00.000000',1,_binary '','nationality',NULL,'Lesotho',NULL,NULL,NULL),(126,'2024-08-28 00:00:00.000000',1,_binary '','nationality',NULL,'Liberia',NULL,NULL,NULL),(127,'2024-08-28 00:00:00.000000',1,_binary '','nationality',NULL,'Libya',NULL,NULL,NULL),(128,'2024-08-28 00:00:00.000000',1,_binary '','nationality',NULL,'Liechtenstein',NULL,NULL,NULL),(129,'2024-08-28 00:00:00.000000',1,_binary '','nationality',NULL,'Lithuania',NULL,NULL,NULL),(130,'2024-08-28 00:00:00.000000',1,_binary '','nationality',NULL,'Luxembourg',NULL,NULL,NULL),(131,'2024-08-28 00:00:00.000000',1,_binary '','nationality',NULL,'Macedonia',NULL,NULL,NULL),(132,'2024-08-28 00:00:00.000000',1,_binary '','nationality',NULL,'Madagascar',NULL,NULL,NULL),(133,'2024-08-28 00:00:00.000000',1,_binary '','nationality',NULL,'Malawi',NULL,NULL,NULL),(134,'2024-08-28 00:00:00.000000',1,_binary '','nationality',NULL,'Malaysia',NULL,NULL,NULL),(135,'2024-08-28 00:00:00.000000',1,_binary '','nationality',NULL,'Maldives',NULL,NULL,NULL),(136,'2024-08-28 00:00:00.000000',1,_binary '','nationality',NULL,'Mali',NULL,NULL,NULL),(137,'2024-08-28 00:00:00.000000',1,_binary '','nationality',NULL,'Malta',NULL,NULL,NULL),(138,'2024-08-28 00:00:00.000000',1,_binary '','nationality',NULL,'Marshall Islands',NULL,NULL,NULL),(139,'2024-08-28 00:00:00.000000',1,_binary '','nationality',NULL,'Mauritania',NULL,NULL,NULL),(140,'2024-08-28 00:00:00.000000',1,_binary '','nationality',NULL,'Mauritius',NULL,NULL,NULL),(141,'2024-08-28 00:00:00.000000',1,_binary '','nationality',NULL,'Mexico',NULL,NULL,NULL),(142,'2024-08-28 00:00:00.000000',1,_binary '','nationality',NULL,'Micronesia',NULL,NULL,NULL),(143,'2024-08-28 00:00:00.000000',1,_binary '','nationality',NULL,'Moldova',NULL,NULL,NULL),(144,'2024-08-28 00:00:00.000000',1,_binary '','nationality',NULL,'Monaco',NULL,NULL,NULL),(145,'2024-08-28 00:00:00.000000',1,_binary '','nationality',NULL,'Mongolia',NULL,NULL,NULL),(146,'2024-08-28 00:00:00.000000',1,_binary '','nationality',NULL,'Montenegro',NULL,NULL,NULL),(147,'2024-08-28 00:00:00.000000',1,_binary '','nationality',NULL,'Morocco',NULL,NULL,NULL),(148,'2024-08-28 00:00:00.000000',1,_binary '','nationality',NULL,'Mozambique',NULL,NULL,NULL),(149,'2024-08-28 00:00:00.000000',1,_binary '','nationality',NULL,'Myanmar',NULL,NULL,NULL),(150,'2024-08-28 00:00:00.000000',1,_binary '','nationality',NULL,'Namibia',NULL,NULL,NULL),(151,'2024-08-28 00:00:00.000000',1,_binary '','nationality',NULL,'Nauru',NULL,NULL,NULL),(152,'2024-08-28 00:00:00.000000',1,_binary '','nationality',NULL,'Nepal',NULL,NULL,NULL),(153,'2024-08-28 00:00:00.000000',1,_binary '','nationality',NULL,'Netherlands',NULL,NULL,NULL),(154,'2024-08-28 00:00:00.000000',1,_binary '','nationality',NULL,'New Zealand',NULL,NULL,NULL),(155,'2024-08-28 00:00:00.000000',1,_binary '','nationality',NULL,'Nicaragua',NULL,NULL,NULL),(156,'2024-08-28 00:00:00.000000',1,_binary '','nationality',NULL,'Niger',NULL,NULL,NULL),(157,'2024-08-28 00:00:00.000000',1,_binary '','nationality',NULL,'Nigeria',NULL,NULL,NULL),(158,'2024-08-28 00:00:00.000000',1,_binary '','nationality',NULL,'North Korea',NULL,NULL,NULL),(159,'2024-08-28 00:00:00.000000',1,_binary '','nationality',NULL,'Norway',NULL,NULL,NULL),(160,'2024-08-28 00:00:00.000000',1,_binary '','nationality',NULL,'Oman',NULL,NULL,NULL),(161,'2024-08-28 00:00:00.000000',1,_binary '','nationality',NULL,'Pakistan',NULL,NULL,NULL),(162,'2024-08-28 00:00:00.000000',1,_binary '','nationality',NULL,'Palau',NULL,NULL,NULL),(163,'2024-08-28 00:00:00.000000',1,_binary '','nationality',NULL,'Panama',NULL,NULL,NULL),(164,'2024-08-28 00:00:00.000000',1,_binary '','nationality',NULL,'Papua New Guinea',NULL,NULL,NULL),(165,'2024-08-28 00:00:00.000000',1,_binary '','nationality',NULL,'Paraguay',NULL,NULL,NULL),(166,'2024-08-28 00:00:00.000000',1,_binary '','nationality',NULL,'Peru',NULL,NULL,NULL),(167,'2024-08-28 00:00:00.000000',1,_binary '','nationality',NULL,'Philippines',NULL,NULL,NULL),(168,'2024-08-28 00:00:00.000000',1,_binary '','nationality',NULL,'Poland',NULL,NULL,NULL),(169,'2024-08-28 00:00:00.000000',1,_binary '','nationality',NULL,'Portugal',NULL,NULL,NULL),(170,'2024-08-28 00:00:00.000000',1,_binary '','nationality',NULL,'Qatar',NULL,NULL,NULL),(171,'2024-08-28 00:00:00.000000',1,_binary '','nationality',NULL,'Romania',NULL,NULL,NULL),(172,'2024-08-28 00:00:00.000000',1,_binary '','nationality',NULL,'Russia',NULL,NULL,NULL),(173,'2024-08-28 00:00:00.000000',1,_binary '','nationality',NULL,'Rwanda',NULL,NULL,NULL),(174,'2024-08-28 00:00:00.000000',1,_binary '','nationality',NULL,'Saint Kitts and Nevis',NULL,NULL,NULL),(175,'2024-08-28 00:00:00.000000',1,_binary '','nationality',NULL,'Saint Lucia',NULL,NULL,NULL),(176,'2024-08-28 00:00:00.000000',1,_binary '','nationality',NULL,'Saint Vincent and the Grenadines',NULL,NULL,NULL),(177,'2024-08-28 00:00:00.000000',1,_binary '','nationality',NULL,'Samoa',NULL,NULL,NULL),(178,'2024-08-28 00:00:00.000000',1,_binary '','nationality',NULL,'San Marino',NULL,NULL,NULL),(179,'2024-08-28 00:00:00.000000',1,_binary '','nationality',NULL,'Sao Tome and Principe',NULL,NULL,NULL),(180,'2024-08-28 00:00:00.000000',1,_binary '','nationality',NULL,'Saudi Arabia',NULL,NULL,NULL),(181,'2024-08-28 00:00:00.000000',1,_binary '','nationality',NULL,'Senegal',NULL,NULL,NULL),(182,'2024-08-28 00:00:00.000000',1,_binary '','nationality',NULL,'Serbia',NULL,NULL,NULL),(183,'2024-08-28 00:00:00.000000',1,_binary '','nationality',NULL,'Seychelles',NULL,NULL,NULL),(184,'2024-08-28 00:00:00.000000',1,_binary '','nationality',NULL,'Sierra Leone',NULL,NULL,NULL),(185,'2024-08-28 00:00:00.000000',1,_binary '','nationality',NULL,'Singapore',NULL,NULL,NULL),(186,'2024-08-28 00:00:00.000000',1,_binary '','nationality',NULL,'Slovakia',NULL,NULL,NULL),(187,'2024-08-28 00:00:00.000000',1,_binary '','nationality',NULL,'Slovenia',NULL,NULL,NULL),(188,'2024-08-28 00:00:00.000000',1,_binary '','nationality',NULL,'Solomon Islands',NULL,NULL,NULL),(189,'2024-08-28 00:00:00.000000',1,_binary '','nationality',NULL,'Somalia',NULL,NULL,NULL),(190,'2024-08-28 00:00:00.000000',1,_binary '','nationality',NULL,'South Africa',NULL,NULL,NULL),(191,'2024-08-28 00:00:00.000000',1,_binary '','nationality',NULL,'South Korea',NULL,NULL,NULL),(192,'2024-08-28 00:00:00.000000',1,_binary '','nationality',NULL,'South Sudan',NULL,NULL,NULL),(193,'2024-08-28 00:00:00.000000',1,_binary '','nationality',NULL,'Spain',NULL,NULL,NULL),(194,'2024-08-28 00:00:00.000000',1,_binary '','nationality',NULL,'Sri Lanka',NULL,NULL,NULL),(195,'2024-08-28 00:00:00.000000',1,_binary '','nationality',NULL,'Sudan',NULL,NULL,NULL),(196,'2024-08-28 00:00:00.000000',1,_binary '','nationality',NULL,'Suriname',NULL,NULL,NULL),(197,'2024-08-28 00:00:00.000000',1,_binary '','nationality',NULL,'Swaziland',NULL,NULL,NULL),(198,'2024-08-28 00:00:00.000000',1,_binary '','nationality',NULL,'Sweden',NULL,NULL,NULL),(199,'2024-08-28 00:00:00.000000',1,_binary '','nationality',NULL,'Swiss',NULL,NULL,NULL),(200,'2024-08-28 00:00:00.000000',1,_binary '','nationality',NULL,'Syria',NULL,NULL,NULL),(201,'2024-08-28 00:00:00.000000',1,_binary '','nationality',NULL,'Tajikistan',NULL,NULL,NULL),(202,'2024-08-28 00:00:00.000000',1,_binary '','nationality',NULL,'Tanzania',NULL,NULL,NULL),(203,'2024-08-28 00:00:00.000000',1,_binary '','nationality',NULL,'Thailand',NULL,NULL,NULL),(204,'2024-08-28 00:00:00.000000',1,_binary '','nationality',NULL,'Timor Leste',NULL,NULL,NULL),(205,'2024-08-28 00:00:00.000000',1,_binary '','nationality',NULL,'Togo',NULL,NULL,NULL),(206,'2024-08-28 00:00:00.000000',1,_binary '','nationality',NULL,'Tonga',NULL,NULL,NULL),(207,'2024-08-28 00:00:00.000000',1,_binary '','nationality',NULL,'Trinidad and Tobago',NULL,NULL,NULL),(208,'2024-08-28 00:00:00.000000',1,_binary '','nationality',NULL,'Tunisia',NULL,NULL,NULL),(209,'2024-08-28 00:00:00.000000',1,_binary '','nationality',NULL,'Turkey',NULL,NULL,NULL),(210,'2024-08-28 00:00:00.000000',1,_binary '','nationality',NULL,'Turkmenistan',NULL,NULL,NULL),(211,'2024-08-28 00:00:00.000000',1,_binary '','nationality',NULL,'Tuvalu',NULL,NULL,NULL),(212,'2024-08-28 00:00:00.000000',1,_binary '','nationality',NULL,'Uganda',NULL,NULL,NULL),(213,'2024-08-28 00:00:00.000000',1,_binary '','nationality',NULL,'Ukraine',NULL,NULL,NULL),(214,'2024-08-28 00:00:00.000000',1,_binary '','nationality',NULL,'United Arab Emirates',NULL,NULL,NULL),(215,'2024-08-28 00:00:00.000000',1,_binary '','nationality',NULL,'United Kingdom',NULL,NULL,NULL),(216,'2024-08-28 00:00:00.000000',1,_binary '','nationality',NULL,'United States of America',NULL,NULL,NULL),(217,'2024-08-28 00:00:00.000000',1,_binary '','nationality',NULL,'Uruguay',NULL,NULL,NULL),(218,'2024-08-28 00:00:00.000000',1,_binary '','nationality',NULL,'Uzbekistan',NULL,NULL,NULL),(219,'2024-08-28 00:00:00.000000',1,_binary '','nationality',NULL,'Vanuatu',NULL,NULL,NULL),(220,'2024-08-28 00:00:00.000000',1,_binary '','nationality',NULL,'Venezuela',NULL,NULL,NULL),(221,'2024-08-28 00:00:00.000000',1,_binary '','nationality',NULL,'Vietnam',NULL,NULL,NULL),(222,'2024-08-28 00:00:00.000000',1,_binary '','nationality',NULL,'Yemen',NULL,NULL,NULL),(223,'2024-08-28 00:00:00.000000',1,_binary '','nationality',NULL,'Yugoslavia',NULL,NULL,NULL),(224,'2024-08-28 00:00:00.000000',1,_binary '','nationality',NULL,'Zambia',NULL,NULL,NULL),(225,'2024-08-28 00:00:00.000000',1,_binary '','nationality',NULL,'Zimbabwe',NULL,NULL,NULL),(226,'2024-08-28 00:00:00.000000',1,_binary '','provinsi',NULL,'Nanggroe Aceh Darussalam',NULL,NULL,NULL),(227,'2024-08-28 00:00:00.000000',1,_binary '','provinsi',NULL,'Sumatera Utara',NULL,NULL,NULL),(228,'2024-08-28 00:00:00.000000',1,_binary '','provinsi',NULL,'Sumatera Selatan',NULL,NULL,NULL),(229,'2024-08-28 00:00:00.000000',1,_binary '','provinsi',NULL,'Sumatera Barat',NULL,NULL,NULL),(230,'2024-08-28 00:00:00.000000',1,_binary '','provinsi',NULL,'Bengkulu',NULL,NULL,NULL),(231,'2024-08-28 00:00:00.000000',1,_binary '','provinsi',NULL,'Riau',NULL,NULL,NULL),(232,'2024-08-28 00:00:00.000000',1,_binary '','provinsi',NULL,'Kepulauan Riau',NULL,NULL,NULL),(233,'2024-08-28 00:00:00.000000',1,_binary '','provinsi',NULL,'Jambi',NULL,NULL,NULL),(234,'2024-08-28 00:00:00.000000',1,_binary '','provinsi',NULL,'Lampung',NULL,NULL,NULL),(235,'2024-08-28 00:00:00.000000',1,_binary '','provinsi',NULL,'Bangka Belitung',NULL,NULL,NULL),(236,'2024-08-28 00:00:00.000000',1,_binary '','provinsi',NULL,'Kalimantan Barat',NULL,NULL,NULL),(237,'2024-08-28 00:00:00.000000',1,_binary '','provinsi',NULL,'Kalimantan Timur',NULL,NULL,NULL),(238,'2024-08-28 00:00:00.000000',1,_binary '','provinsi',NULL,'Kalimantan Selatan',NULL,NULL,NULL),(239,'2024-08-28 00:00:00.000000',1,_binary '','provinsi',NULL,'Kalimantan Tengah',NULL,NULL,NULL),(240,'2024-08-28 00:00:00.000000',1,_binary '','provinsi',NULL,'Kalimantan Utara',NULL,NULL,NULL),(241,'2024-08-28 00:00:00.000000',1,_binary '','provinsi',NULL,'Banten',NULL,NULL,NULL),(242,'2024-08-28 00:00:00.000000',1,_binary '','provinsi',NULL,'DKI Jakarta',NULL,NULL,NULL),(243,'2024-08-28 00:00:00.000000',1,_binary '','provinsi',NULL,'Jawa Barat',NULL,NULL,NULL),(244,'2024-08-28 00:00:00.000000',1,_binary '','provinsi',NULL,'Jawa Tengah',NULL,NULL,NULL),(245,'2024-08-28 00:00:00.000000',1,_binary '','provinsi',NULL,'Daerah Istimewa Yogyakarta',NULL,NULL,NULL),(246,'2024-08-28 00:00:00.000000',1,_binary '','provinsi',NULL,'Jawa Timur',NULL,NULL,NULL),(247,'2024-08-28 00:00:00.000000',1,_binary '','provinsi',NULL,'Bali',NULL,NULL,NULL),(248,'2024-08-28 00:00:00.000000',1,_binary '','provinsi',NULL,'Nusa Tenggara Timur',NULL,NULL,NULL),(249,'2024-08-28 00:00:00.000000',1,_binary '','provinsi',NULL,'Nusa Tenggara Barat',NULL,NULL,NULL),(250,'2024-08-28 00:00:00.000000',1,_binary '','provinsi',NULL,'Gorontalo',NULL,NULL,NULL),(251,'2024-08-28 00:00:00.000000',1,_binary '','provinsi',NULL,'Sulawesi Barat',NULL,NULL,NULL),(252,'2024-08-28 00:00:00.000000',1,_binary '','provinsi',NULL,'Sulawesi Tengah',NULL,NULL,NULL),(253,'2024-08-28 00:00:00.000000',1,_binary '','provinsi',NULL,'Sulawesi Utara',NULL,NULL,NULL),(254,'2024-08-28 00:00:00.000000',1,_binary '','provinsi',NULL,'Sulawesi Tenggara',NULL,NULL,NULL),(255,'2024-08-28 00:00:00.000000',1,_binary '','provinsi',NULL,'Sulawesi Selatan',NULL,NULL,NULL),(256,'2024-08-28 00:00:00.000000',1,_binary '','provinsi',NULL,'Maluku Utara',NULL,NULL,NULL),(257,'2024-08-28 00:00:00.000000',1,_binary '','provinsi',NULL,'Maluku',NULL,NULL,NULL),(258,'2024-08-28 00:00:00.000000',1,_binary '','provinsi',NULL,'Papua Barat',NULL,NULL,NULL),(259,'2024-08-28 00:00:00.000000',1,_binary '','provinsi',NULL,'Papua',NULL,NULL,NULL),(260,'2024-08-28 00:00:00.000000',1,_binary '','provinsi',NULL,'Papua Tengah',NULL,NULL,NULL),(261,'2024-08-28 00:00:00.000000',1,_binary '','provinsi',NULL,'Papua Pegunungan',NULL,NULL,NULL),(262,'2024-08-28 00:00:00.000000',1,_binary '','provinsi',NULL,'Papua Selatan',NULL,NULL,NULL),(263,'2024-08-28 00:00:00.000000',1,_binary '','provinsi',NULL,'Papua Barat Daya',NULL,NULL,NULL),(264,'2024-08-28 00:00:00.000000',1,_binary '','kota',226,'Kabupaten Aceh Barat',NULL,NULL,NULL),(265,'2024-08-28 00:00:00.000000',1,_binary '','kota',226,'Kabupaten Aceh Barat Daya ',NULL,NULL,NULL),(266,'2024-08-28 00:00:00.000000',1,_binary '','kota',226,'Kabupaten Aceh Besar ',NULL,NULL,NULL),(267,'2024-08-28 00:00:00.000000',1,_binary '','kota',226,'Kabupaten Aceh Jaya ',NULL,NULL,NULL),(268,'2024-08-28 00:00:00.000000',1,_binary '','kota',226,'Kabupaten Aceh Selatan ',NULL,NULL,NULL),(269,'2024-08-28 00:00:00.000000',1,_binary '','kota',226,'Kabupaten Aceh Singkil ',NULL,NULL,NULL),(270,'2024-08-28 00:00:00.000000',1,_binary '','kota',226,'Kabupaten Aceh Tamiang ',NULL,NULL,NULL),(271,'2024-08-28 00:00:00.000000',1,_binary '','kota',226,'Kabupaten Aceh Tengah ',NULL,NULL,NULL),(272,'2024-08-28 00:00:00.000000',1,_binary '','kota',226,'Kabupaten Aceh Tenggara ',NULL,NULL,NULL),(273,'2024-08-28 00:00:00.000000',1,_binary '','kota',226,'Kabupaten Aceh Timur ',NULL,NULL,NULL),(274,'2024-08-28 00:00:00.000000',1,_binary '','kota',226,'Kabupaten Aceh Utara ',NULL,NULL,NULL),(275,'2024-08-28 00:00:00.000000',1,_binary '','kota',226,'Kabupaten Bener Meriah',NULL,NULL,NULL),(276,'2024-08-28 00:00:00.000000',1,_binary '','kota',226,'Kabupaten Bireuen ',NULL,NULL,NULL),(277,'2024-08-28 00:00:00.000000',1,_binary '','kota',226,'Kabupaten Gayo Lues ',NULL,NULL,NULL),(278,'2024-08-28 00:00:00.000000',1,_binary '','kota',226,'Kabupaten Nagan Raya ',NULL,NULL,NULL),(279,'2024-08-28 00:00:00.000000',1,_binary '','kota',226,'Kabupaten Pidie ',NULL,NULL,NULL),(280,'2024-08-28 00:00:00.000000',1,_binary '','kota',226,'Kabupaten Pidie Jaya ',NULL,NULL,NULL),(281,'2024-08-28 00:00:00.000000',1,_binary '','kota',226,'Kabupaten Simeulue ',NULL,NULL,NULL),(282,'2024-08-28 00:00:00.000000',1,_binary '','kota',226,'Kota Banda Aceh ',NULL,NULL,NULL),(283,'2024-08-28 00:00:00.000000',1,_binary '','kota',226,'Kota Langsa ',NULL,NULL,NULL),(284,'2024-08-28 00:00:00.000000',1,_binary '','kota',226,'Kota Lhokseumawe ',NULL,NULL,NULL),(285,'2024-08-28 00:00:00.000000',1,_binary '','kota',226,'Kota Sabang ',NULL,NULL,NULL),(286,'2024-08-28 00:00:00.000000',1,_binary '','kota',226,'Kota Subulussalam',NULL,NULL,NULL),(287,'2024-08-28 00:00:00.000000',1,_binary '','kota',227,'Kabupaten Asahan',NULL,NULL,NULL),(288,'2024-08-28 00:00:00.000000',1,_binary '','kota',227,'Kabupaten Batu Bara',NULL,NULL,NULL),(289,'2024-08-28 00:00:00.000000',1,_binary '','kota',227,'Kabupaten Dairi',NULL,NULL,NULL),(290,'2024-08-28 00:00:00.000000',1,_binary '','kota',227,'Kabupaten Deli Serdang',NULL,NULL,NULL),(291,'2024-08-28 00:00:00.000000',1,_binary '','kota',227,'Kabupaten Humbang Hasundutan',NULL,NULL,NULL),(292,'2024-08-28 00:00:00.000000',1,_binary '','kota',227,'Kabupaten Karo',NULL,NULL,NULL),(293,'2024-08-28 00:00:00.000000',1,_binary '','kota',227,'Kabupaten Labuhanbatu',NULL,NULL,NULL),(294,'2024-08-28 00:00:00.000000',1,_binary '','kota',227,'Kabupaten Labuhanbatu Selatan',NULL,NULL,NULL),(295,'2024-08-28 00:00:00.000000',1,_binary '','kota',227,'Kabupaten Labuhanbatu Utara',NULL,NULL,NULL),(296,'2024-08-28 00:00:00.000000',1,_binary '','kota',227,'Kabupaten Langkat',NULL,NULL,NULL),(297,'2024-08-28 00:00:00.000000',1,_binary '','kota',227,'Kabupaten Mandailing Natal',NULL,NULL,NULL),(298,'2024-08-28 00:00:00.000000',1,_binary '','kota',227,'Kabupaten Nias',NULL,NULL,NULL),(299,'2024-08-28 00:00:00.000000',1,_binary '','kota',227,'Kabupaten Nias Barat',NULL,NULL,NULL),(300,'2024-08-28 00:00:00.000000',1,_binary '','kota',227,'Kabupaten Nias Selatan',NULL,NULL,NULL),(301,'2024-08-28 00:00:00.000000',1,_binary '','kota',227,'Kabupaten Nias Utara',NULL,NULL,NULL),(302,'2024-08-28 00:00:00.000000',1,_binary '','kota',227,'Kabupaten Padang Lawas',NULL,NULL,NULL),(303,'2024-08-28 00:00:00.000000',1,_binary '','kota',227,'Kabupaten Padang Lawas Utara',NULL,NULL,NULL),(304,'2024-08-28 00:00:00.000000',1,_binary '','kota',227,'Kabupaten Pakpak Bharat',NULL,NULL,NULL),(305,'2024-08-28 00:00:00.000000',1,_binary '','kota',227,'Kabupaten Samosir',NULL,NULL,NULL),(306,'2024-08-28 00:00:00.000000',1,_binary '','kota',227,'Kabupaten Serdang Bedagai',NULL,NULL,NULL),(307,'2024-08-28 00:00:00.000000',1,_binary '','kota',227,'Kabupaten Simalungun',NULL,NULL,NULL),(308,'2024-08-28 00:00:00.000000',1,_binary '','kota',227,'Kabupaten Tapanuli Selatan',NULL,NULL,NULL),(309,'2024-08-28 00:00:00.000000',1,_binary '','kota',227,'Kabupaten Tapanuli Tengah',NULL,NULL,NULL),(310,'2024-08-28 00:00:00.000000',1,_binary '','kota',227,'Kabupaten Tapanuli Utara',NULL,NULL,NULL),(311,'2024-08-28 00:00:00.000000',1,_binary '','kota',227,'Kabupaten Toba Samosir',NULL,NULL,NULL),(312,'2024-08-28 00:00:00.000000',1,_binary '','kota',227,'Kota Binjai',NULL,NULL,NULL),(313,'2024-08-28 00:00:00.000000',1,_binary '','kota',227,'Kota Gunungsitoli',NULL,NULL,NULL),(314,'2024-08-28 00:00:00.000000',1,_binary '','kota',227,'Kota Medan',NULL,NULL,NULL),(315,'2024-08-28 00:00:00.000000',1,_binary '','kota',227,'Kota Padang Sidimpuan',NULL,NULL,NULL),(316,'2024-08-28 00:00:00.000000',1,_binary '','kota',227,'Kota Pematang Siantar',NULL,NULL,NULL),(317,'2024-08-28 00:00:00.000000',1,_binary '','kota',227,'Kota Sibolga',NULL,NULL,NULL),(318,'2024-08-28 00:00:00.000000',1,_binary '','kota',227,'Kota Tanjung Balai',NULL,NULL,NULL),(319,'2024-08-28 00:00:00.000000',1,_binary '','kota',227,'Kota Tebing Tinggi',NULL,NULL,NULL),(320,'2024-08-28 00:00:00.000000',1,_binary '','kota',228,'Kabupaten Banyuasin',NULL,NULL,NULL),(321,'2024-08-28 00:00:00.000000',1,_binary '','kota',228,'Kabupaten Empat Lawang',NULL,NULL,NULL),(322,'2024-08-28 00:00:00.000000',1,_binary '','kota',228,'Kabupaten Lahat',NULL,NULL,NULL),(323,'2024-08-28 00:00:00.000000',1,_binary '','kota',228,'Kabupaten Muara Enim',NULL,NULL,NULL),(324,'2024-08-28 00:00:00.000000',1,_binary '','kota',228,'Kabupaten Musi Banyuasin',NULL,NULL,NULL),(325,'2024-08-28 00:00:00.000000',1,_binary '','kota',228,'Kabupaten Musi Rawas',NULL,NULL,NULL),(326,'2024-08-28 00:00:00.000000',1,_binary '','kota',228,'Kabupaten Musi Rawas Utara',NULL,NULL,NULL),(327,'2024-08-28 00:00:00.000000',1,_binary '','kota',228,'Kabupaten Ogan Ilir',NULL,NULL,NULL),(328,'2024-08-28 00:00:00.000000',1,_binary '','kota',228,'Kabupaten Ogan Komering Ilir',NULL,NULL,NULL),(329,'2024-08-28 00:00:00.000000',1,_binary '','kota',228,'Kabupaten Ogan Komering Ulu',NULL,NULL,NULL),(330,'2024-08-28 00:00:00.000000',1,_binary '','kota',228,'Kabupaten Ogan Komering Ulu Selatan',NULL,NULL,NULL),(331,'2024-08-28 00:00:00.000000',1,_binary '','kota',228,'Kabupaten Ogan Komering Ulu Timur',NULL,NULL,NULL),(332,'2024-08-28 00:00:00.000000',1,_binary '','kota',228,'Kabupaten Penukal Abab Lematang Ilir',NULL,NULL,NULL),(333,'2024-08-28 00:00:00.000000',1,_binary '','kota',228,'Kota Lubuk Linggau',NULL,NULL,NULL),(334,'2024-08-28 00:00:00.000000',1,_binary '','kota',228,'Kota Pagaralam',NULL,NULL,NULL),(335,'2024-08-28 00:00:00.000000',1,_binary '','kota',228,'Kota Palembang',NULL,NULL,NULL),(336,'2024-08-28 00:00:00.000000',1,_binary '','kota',228,'Kota Prabumulih',NULL,NULL,NULL),(337,'2024-08-28 00:00:00.000000',1,_binary '','kota',229,'Kabupaten Agam',NULL,NULL,NULL),(338,'2024-08-28 00:00:00.000000',1,_binary '','kota',229,'Kabupaten Dharmasraya',NULL,NULL,NULL),(339,'2024-08-28 00:00:00.000000',1,_binary '','kota',229,'Kabupaten Kepulauan Mentawai',NULL,NULL,NULL),(340,'2024-08-28 00:00:00.000000',1,_binary '','kota',229,'Kabupaten Lima Puluh Kota',NULL,NULL,NULL),(341,'2024-08-28 00:00:00.000000',1,_binary '','kota',229,'Kabupaten Padang Pariaman',NULL,NULL,NULL),(342,'2024-08-28 00:00:00.000000',1,_binary '','kota',229,'Kabupaten Pasaman',NULL,NULL,NULL),(343,'2024-08-28 00:00:00.000000',1,_binary '','kota',229,'Kabupaten Pasaman Barat',NULL,NULL,NULL),(344,'2024-08-28 00:00:00.000000',1,_binary '','kota',229,'Kabupaten Pesisir Selatan',NULL,NULL,NULL),(345,'2024-08-28 00:00:00.000000',1,_binary '','kota',229,'Kabupaten Sijunjung',NULL,NULL,NULL),(346,'2024-08-28 00:00:00.000000',1,_binary '','kota',229,'Kabupaten Solok',NULL,NULL,NULL),(347,'2024-08-28 00:00:00.000000',1,_binary '','kota',229,'Kabupaten Solok Selatan',NULL,NULL,NULL),(348,'2024-08-28 00:00:00.000000',1,_binary '','kota',229,'Kabupaten Tanah Datar',NULL,NULL,NULL),(349,'2024-08-28 00:00:00.000000',1,_binary '','kota',229,'Kota Bukittinggi',NULL,NULL,NULL),(350,'2024-08-28 00:00:00.000000',1,_binary '','kota',229,'Kota Padang',NULL,NULL,NULL),(351,'2024-08-28 00:00:00.000000',1,_binary '','kota',229,'Kota Padang Panjang',NULL,NULL,NULL),(352,'2024-08-28 00:00:00.000000',1,_binary '','kota',229,'Kota Pariaman',NULL,NULL,NULL),(353,'2024-08-28 00:00:00.000000',1,_binary '','kota',229,'Kota Payakumbuh',NULL,NULL,NULL),(354,'2024-08-28 00:00:00.000000',1,_binary '','kota',229,'Kota Sawahlunto',NULL,NULL,NULL),(355,'2024-08-28 00:00:00.000000',1,_binary '','kota',229,'Kota Solok',NULL,NULL,NULL),(356,'2024-08-28 00:00:00.000000',1,_binary '','kota',230,'Kabupaten Bengkulu Selatan',NULL,NULL,NULL),(357,'2024-08-28 00:00:00.000000',1,_binary '','kota',230,'Kabupaten Bengkulu Tengah',NULL,NULL,NULL),(358,'2024-08-28 00:00:00.000000',1,_binary '','kota',230,'Kabupaten Bengkulu Utara',NULL,NULL,NULL),(359,'2024-08-28 00:00:00.000000',1,_binary '','kota',230,'Kabupaten Kaur',NULL,NULL,NULL),(360,'2024-08-28 00:00:00.000000',1,_binary '','kota',230,'Kabupaten Kepahiang',NULL,NULL,NULL),(361,'2024-08-28 00:00:00.000000',1,_binary '','kota',230,'Kabupaten Lebong',NULL,NULL,NULL),(362,'2024-08-28 00:00:00.000000',1,_binary '','kota',230,'Kabupaten Muko muko',NULL,NULL,NULL),(363,'2024-08-28 00:00:00.000000',1,_binary '','kota',230,'Kabupaten Rejang Lebong',NULL,NULL,NULL),(364,'2024-08-28 00:00:00.000000',1,_binary '','kota',230,'Kabupaten Seluma',NULL,NULL,NULL),(365,'2024-08-28 00:00:00.000000',1,_binary '','kota',230,'Kota Bengkulu',NULL,NULL,NULL),(366,'2024-08-28 00:00:00.000000',1,_binary '','kota',231,'Kabupaten Bengkalis',NULL,NULL,NULL),(367,'2024-08-28 00:00:00.000000',1,_binary '','kota',231,'Kabupaten Indragiri Hilir',NULL,NULL,NULL),(368,'2024-08-28 00:00:00.000000',1,_binary '','kota',231,'Kabupaten Indragiri Hulu',NULL,NULL,NULL),(369,'2024-08-28 00:00:00.000000',1,_binary '','kota',231,'Kabupaten Kampar',NULL,NULL,NULL),(370,'2024-08-28 00:00:00.000000',1,_binary '','kota',231,'Kabupaten Kuantan Singingi',NULL,NULL,NULL),(371,'2024-08-28 00:00:00.000000',1,_binary '','kota',231,'Kabupaten Pelalawan',NULL,NULL,NULL),(372,'2024-08-28 00:00:00.000000',1,_binary '','kota',231,'Kabupaten Rokan Hilir',NULL,NULL,NULL),(373,'2024-08-28 00:00:00.000000',1,_binary '','kota',231,'Kabupaten Rokan Hulu',NULL,NULL,NULL),(374,'2024-08-28 00:00:00.000000',1,_binary '','kota',231,'Kabupaten Siak',NULL,NULL,NULL),(375,'2024-08-28 00:00:00.000000',1,_binary '','kota',231,'Kabupaten Kep. Meranti',NULL,NULL,NULL),(376,'2024-08-28 00:00:00.000000',1,_binary '','kota',231,'Kota Dumai',NULL,NULL,NULL),(377,'2024-08-28 00:00:00.000000',1,_binary '','kota',231,'Kota Pekanbaru',NULL,NULL,NULL),(378,'2024-08-28 00:00:00.000000',1,_binary '','kota',232,'Kabupaten Bintan',NULL,NULL,NULL),(379,'2024-08-28 00:00:00.000000',1,_binary '','kota',232,'Kabupaten Karimun',NULL,NULL,NULL),(380,'2024-08-28 00:00:00.000000',1,_binary '','kota',232,'Kabupaten Kepulauan Anambas',NULL,NULL,NULL),(381,'2024-08-28 00:00:00.000000',1,_binary '','kota',232,'Kabupaten Lingga',NULL,NULL,NULL),(382,'2024-08-28 00:00:00.000000',1,_binary '','kota',232,'Kabupaten Natuna',NULL,NULL,NULL),(383,'2024-08-28 00:00:00.000000',1,_binary '','kota',232,'Kota Batam',NULL,NULL,NULL),(384,'2024-08-28 00:00:00.000000',1,_binary '','kota',232,'Kota Tanjungpinang',NULL,NULL,NULL),(385,'2024-08-28 00:00:00.000000',1,_binary '','kota',233,'Kota Jambi',NULL,NULL,NULL),(386,'2024-08-28 00:00:00.000000',1,_binary '','kota',233,'Kota Sungai Penuh',NULL,NULL,NULL),(387,'2024-08-28 00:00:00.000000',1,_binary '','kota',233,'Kabupaten Kerinci',NULL,NULL,NULL),(388,'2024-08-28 00:00:00.000000',1,_binary '','kota',233,'Kabupaten Merangin',NULL,NULL,NULL),(389,'2024-08-28 00:00:00.000000',1,_binary '','kota',233,'Kabupaten Sarolangun',NULL,NULL,NULL),(390,'2024-08-28 00:00:00.000000',1,_binary '','kota',233,'Kabupaten Batanghari',NULL,NULL,NULL),(391,'2024-08-28 00:00:00.000000',1,_binary '','kota',233,'Kabupaten Muaro Jambi',NULL,NULL,NULL),(392,'2024-08-28 00:00:00.000000',1,_binary '','kota',233,'Kabupaten Tanjung Jabung Timur',NULL,NULL,NULL),(393,'2024-08-28 00:00:00.000000',1,_binary '','kota',233,'Kabupaten Tanjung Jabung Barat',NULL,NULL,NULL),(394,'2024-08-28 00:00:00.000000',1,_binary '','kota',233,'Kabupaten Tebo',NULL,NULL,NULL),(395,'2024-08-28 00:00:00.000000',1,_binary '','kota',233,'Kabupaten Bungo',NULL,NULL,NULL),(396,'2024-08-28 00:00:00.000000',1,_binary '','kota',234,'Kabupaten Lampung Barat',NULL,NULL,NULL),(397,'2024-08-28 00:00:00.000000',1,_binary '','kota',234,'Kabupaten Lampung Selatan',NULL,NULL,NULL),(398,'2024-08-28 00:00:00.000000',1,_binary '','kota',234,'Kabupaten Lampung Tengah',NULL,NULL,NULL),(399,'2024-08-28 00:00:00.000000',1,_binary '','kota',234,'Kabupaten Lampung Timur',NULL,NULL,NULL),(400,'2024-08-28 00:00:00.000000',1,_binary '','kota',234,'Kabupaten Lampung Utara',NULL,NULL,NULL),(401,'2024-08-28 00:00:00.000000',1,_binary '','kota',234,'Kabupaten Mesuji',NULL,NULL,NULL),(402,'2024-08-28 00:00:00.000000',1,_binary '','kota',234,'Kabupaten Pesawaran',NULL,NULL,NULL),(403,'2024-08-28 00:00:00.000000',1,_binary '','kota',234,'Kabupaten Pesisir Barat',NULL,NULL,NULL),(404,'2024-08-28 00:00:00.000000',1,_binary '','kota',234,'Kabupaten Pringsewu',NULL,NULL,NULL),(405,'2024-08-28 00:00:00.000000',1,_binary '','kota',234,'Kabupaten Tanggamus',NULL,NULL,NULL),(406,'2024-08-28 00:00:00.000000',1,_binary '','kota',234,'Kabupaten Tulang Bawang',NULL,NULL,NULL),(407,'2024-08-28 00:00:00.000000',1,_binary '','kota',234,'Kabupaten Tulang Bawang Barat',NULL,NULL,NULL),(408,'2024-08-28 00:00:00.000000',1,_binary '','kota',234,'Kabupaten Way Kanan',NULL,NULL,NULL),(409,'2024-08-28 00:00:00.000000',1,_binary '','kota',234,'Kota Bandar Lampung',NULL,NULL,NULL),(410,'2024-08-28 00:00:00.000000',1,_binary '','kota',234,'Kota Metro',NULL,NULL,NULL),(411,'2024-08-28 00:00:00.000000',1,_binary '','kota',235,'Kabupaten Bangka',NULL,NULL,NULL),(412,'2024-08-28 00:00:00.000000',1,_binary '','kota',235,'Kabupaten Bangka Barat',NULL,NULL,NULL),(413,'2024-08-28 00:00:00.000000',1,_binary '','kota',235,'Kabupaten Bangka Selatan',NULL,NULL,NULL),(414,'2024-08-28 00:00:00.000000',1,_binary '','kota',235,'Kabupaten Bangka Tengah',NULL,NULL,NULL),(415,'2024-08-28 00:00:00.000000',1,_binary '','kota',235,'Kabupaten Belitung',NULL,NULL,NULL),(416,'2024-08-28 00:00:00.000000',1,_binary '','kota',235,'Kabupaten Belitung Timur',NULL,NULL,NULL),(417,'2024-08-28 00:00:00.000000',1,_binary '','kota',235,'Kota Pangkalpinang',NULL,NULL,NULL),(418,'2024-08-28 00:00:00.000000',1,_binary '','kota',236,'Kabupaten Bengkayang',NULL,NULL,NULL),(419,'2024-08-28 00:00:00.000000',1,_binary '','kota',236,'Kabupaten Kapuas Hulu',NULL,NULL,NULL),(420,'2024-08-28 00:00:00.000000',1,_binary '','kota',236,'Kabupaten Kayong Utara',NULL,NULL,NULL),(421,'2024-08-28 00:00:00.000000',1,_binary '','kota',236,'Kabupaten Ketapang',NULL,NULL,NULL),(422,'2024-08-28 00:00:00.000000',1,_binary '','kota',236,'Kabupaten Kubu Raya',NULL,NULL,NULL),(423,'2024-08-28 00:00:00.000000',1,_binary '','kota',236,'Kabupaten Landak',NULL,NULL,NULL),(424,'2024-08-28 00:00:00.000000',1,_binary '','kota',236,'Kabupaten Melawi',NULL,NULL,NULL),(425,'2024-08-28 00:00:00.000000',1,_binary '','kota',236,'Kabupaten Mempawah',NULL,NULL,NULL),(426,'2024-08-28 00:00:00.000000',1,_binary '','kota',236,'Kabupaten Sambas',NULL,NULL,NULL),(427,'2024-08-28 00:00:00.000000',1,_binary '','kota',236,'Kabupaten Sanggau',NULL,NULL,NULL),(428,'2024-08-28 00:00:00.000000',1,_binary '','kota',236,'Kabupaten Sekadau',NULL,NULL,NULL),(429,'2024-08-28 00:00:00.000000',1,_binary '','kota',236,'Kabupaten Sintang',NULL,NULL,NULL),(430,'2024-08-28 00:00:00.000000',1,_binary '','kota',236,'Kota Pontianak',NULL,NULL,NULL),(431,'2024-08-28 00:00:00.000000',1,_binary '','kota',236,'Kota Singkawang',NULL,NULL,NULL),(432,'2024-08-28 00:00:00.000000',1,_binary '','kota',237,'Kota Samarinda',NULL,NULL,NULL),(433,'2024-08-28 00:00:00.000000',1,_binary '','kota',237,'Kota Balikpapan',NULL,NULL,NULL),(434,'2024-08-28 00:00:00.000000',1,_binary '','kota',237,'Kota Bontang',NULL,NULL,NULL),(435,'2024-08-28 00:00:00.000000',1,_binary '','kota',237,'Kabupaten Kutai Kartanegara',NULL,NULL,NULL),(436,'2024-08-28 00:00:00.000000',1,_binary '','kota',237,'Kabupaten Kutai Timur',NULL,NULL,NULL),(437,'2024-08-28 00:00:00.000000',1,_binary '','kota',237,'Kabupaten Berau',NULL,NULL,NULL),(438,'2024-08-28 00:00:00.000000',1,_binary '','kota',237,'Kabupaten Paser',NULL,NULL,NULL),(439,'2024-08-28 00:00:00.000000',1,_binary '','kota',237,'Kabupaten Penajam Paser Utara',NULL,NULL,NULL),(440,'2024-08-28 00:00:00.000000',1,_binary '','kota',237,'Kabupaten Kutai Barat',NULL,NULL,NULL),(441,'2024-08-28 00:00:00.000000',1,_binary '','kota',237,'Kabupaten Mahakam Ulu',NULL,NULL,NULL),(442,'2024-08-28 00:00:00.000000',1,_binary '','kota',238,'Kabupaten Balangan',NULL,NULL,NULL),(443,'2024-08-28 00:00:00.000000',1,_binary '','kota',238,'Kabupaten Banjar',NULL,NULL,NULL),(444,'2024-08-28 00:00:00.000000',1,_binary '','kota',238,'Kabupaten Barito Kuala',NULL,NULL,NULL),(445,'2024-08-28 00:00:00.000000',1,_binary '','kota',238,'Kabupaten Hulu Sungai Selatan',NULL,NULL,NULL),(446,'2024-08-28 00:00:00.000000',1,_binary '','kota',238,'Kabupaten Hulu Sungai Tengah',NULL,NULL,NULL),(447,'2024-08-28 00:00:00.000000',1,_binary '','kota',238,'Kabupaten Hulu Sungai Utara',NULL,NULL,NULL),(448,'2024-08-28 00:00:00.000000',1,_binary '','kota',238,'Kabupaten Kotabaru',NULL,NULL,NULL),(449,'2024-08-28 00:00:00.000000',1,_binary '','kota',238,'Kabupaten Tabalong',NULL,NULL,NULL),(450,'2024-08-28 00:00:00.000000',1,_binary '','kota',238,'Kabupaten Tanah Bumbu',NULL,NULL,NULL),(451,'2024-08-28 00:00:00.000000',1,_binary '','kota',238,'Kabupaten Tanah Laut',NULL,NULL,NULL),(452,'2024-08-28 00:00:00.000000',1,_binary '','kota',238,'Kabupaten Tapin',NULL,NULL,NULL),(453,'2024-08-28 00:00:00.000000',1,_binary '','kota',238,'Kota Banjarbaru',NULL,NULL,NULL),(454,'2024-08-28 00:00:00.000000',1,_binary '','kota',238,'Kota Banjarmasin',NULL,NULL,NULL),(455,'2024-08-28 00:00:00.000000',1,_binary '','kota',239,'Kabupaten Barito Selatan',NULL,NULL,NULL),(456,'2024-08-28 00:00:00.000000',1,_binary '','kota',239,'Kabupaten Barito Timur',NULL,NULL,NULL),(457,'2024-08-28 00:00:00.000000',1,_binary '','kota',239,'Kabupaten Barito Utara',NULL,NULL,NULL),(458,'2024-08-28 00:00:00.000000',1,_binary '','kota',239,'Kabupaten Gunung Mas',NULL,NULL,NULL),(459,'2024-08-28 00:00:00.000000',1,_binary '','kota',239,'Kabupaten Kapuas',NULL,NULL,NULL),(460,'2024-08-28 00:00:00.000000',1,_binary '','kota',239,'Kabupaten Katingan',NULL,NULL,NULL),(461,'2024-08-28 00:00:00.000000',1,_binary '','kota',239,'Kabupaten Kotawaringin Barat',NULL,NULL,NULL),(462,'2024-08-28 00:00:00.000000',1,_binary '','kota',239,'Kabupaten Kotawaringin Timur',NULL,NULL,NULL),(463,'2024-08-28 00:00:00.000000',1,_binary '','kota',239,'Kabupaten Lamandau',NULL,NULL,NULL),(464,'2024-08-28 00:00:00.000000',1,_binary '','kota',239,'Kabupaten Murung Raya',NULL,NULL,NULL),(465,'2024-08-28 00:00:00.000000',1,_binary '','kota',239,'Kabupaten Pulang Pisau',NULL,NULL,NULL),(466,'2024-08-28 00:00:00.000000',1,_binary '','kota',239,'Kabupaten Seruyan',NULL,NULL,NULL),(467,'2024-08-28 00:00:00.000000',1,_binary '','kota',239,'Kabupaten Sukamara',NULL,NULL,NULL),(468,'2024-08-28 00:00:00.000000',1,_binary '','kota',239,'Kota Palangkaraya',NULL,NULL,NULL),(469,'2024-08-28 00:00:00.000000',1,_binary '','kota',240,'Kabupaten Nunukan',NULL,NULL,NULL),(470,'2024-08-28 00:00:00.000000',1,_binary '','kota',240,'Kabupaten Malinau',NULL,NULL,NULL),(471,'2024-08-28 00:00:00.000000',1,_binary '','kota',240,'Kabupaten Bulungan',NULL,NULL,NULL),(472,'2024-08-28 00:00:00.000000',1,_binary '','kota',240,'Kabupaten Tana Tidung',NULL,NULL,NULL),(473,'2024-08-28 00:00:00.000000',1,_binary '','kota',240,'Kota Tarakan',NULL,NULL,NULL),(474,'2024-08-28 00:00:00.000000',1,_binary '','kota',241,'Kabupaten Lebak',NULL,NULL,NULL),(475,'2024-08-28 00:00:00.000000',1,_binary '','kota',241,'Kabupaten Pandeglang',NULL,NULL,NULL),(476,'2024-08-28 00:00:00.000000',1,_binary '','kota',241,'Kabupaten Serang',NULL,NULL,NULL),(477,'2024-08-28 00:00:00.000000',1,_binary '','kota',241,'Kabupaten Tangerang',NULL,NULL,NULL),(478,'2024-08-28 00:00:00.000000',1,_binary '','kota',241,'Kota Cilegon',NULL,NULL,NULL),(479,'2024-08-28 00:00:00.000000',1,_binary '','kota',241,'Kota Serang',NULL,NULL,NULL),(480,'2024-08-28 00:00:00.000000',1,_binary '','kota',241,'Kota Tangerang',NULL,NULL,NULL),(481,'2024-08-28 00:00:00.000000',1,_binary '','kota',241,'Kota Tangerang Selatan',NULL,NULL,NULL),(482,'2024-08-28 00:00:00.000000',1,_binary '','kota',242,'Kabupaten Kep. Seribu',NULL,NULL,NULL),(483,'2024-08-28 00:00:00.000000',1,_binary '','kota',242,'Kota Jakarta Barat',NULL,NULL,NULL),(484,'2024-08-28 00:00:00.000000',1,_binary '','kota',242,'Kota Jakarta Pusat',NULL,NULL,NULL),(485,'2024-08-28 00:00:00.000000',1,_binary '','kota',242,'Kota Jakarta Selatan',NULL,NULL,NULL),(486,'2024-08-28 00:00:00.000000',1,_binary '','kota',242,'Kota Jakarta Timur',NULL,NULL,NULL),(487,'2024-08-28 00:00:00.000000',1,_binary '','kota',242,'Kota Jakarta Utara',NULL,NULL,NULL),(488,'2024-08-28 00:00:00.000000',1,_binary '','kota',243,'Kabupaten Bandung',NULL,NULL,NULL),(489,'2024-08-28 00:00:00.000000',1,_binary '','kota',243,'Kabupaten Bandung Barat',NULL,NULL,NULL),(490,'2024-08-28 00:00:00.000000',1,_binary '','kota',243,'Kabupaten Bekasi',NULL,NULL,NULL),(491,'2024-08-28 00:00:00.000000',1,_binary '','kota',243,'Kabupaten Bogor',NULL,NULL,NULL),(492,'2024-08-28 00:00:00.000000',1,_binary '','kota',243,'Kabupaten Ciamis',NULL,NULL,NULL),(493,'2024-08-28 00:00:00.000000',1,_binary '','kota',243,'Kabupaten Cianjur',NULL,NULL,NULL),(494,'2024-08-28 00:00:00.000000',1,_binary '','kota',243,'Kabupaten Cirebon',NULL,NULL,NULL),(495,'2024-08-28 00:00:00.000000',1,_binary '','kota',243,'Kabupaten Garut',NULL,NULL,NULL),(496,'2024-08-28 00:00:00.000000',1,_binary '','kota',243,'Kabupaten Indramayu',NULL,NULL,NULL),(497,'2024-08-28 00:00:00.000000',1,_binary '','kota',243,'Kabupaten Karawang',NULL,NULL,NULL),(498,'2024-08-28 00:00:00.000000',1,_binary '','kota',243,'Kabupaten Kuningan',NULL,NULL,NULL),(499,'2024-08-28 00:00:00.000000',1,_binary '','kota',243,'Kabupaten Majalengka',NULL,NULL,NULL),(500,'2024-08-28 00:00:00.000000',1,_binary '','kota',243,'Kabupaten Pangandaran',NULL,NULL,NULL),(501,'2024-08-28 00:00:00.000000',1,_binary '','kota',243,'Kabupaten Purwakarta',NULL,NULL,NULL),(502,'2024-08-28 00:00:00.000000',1,_binary '','kota',243,'Kabupaten Subang',NULL,NULL,NULL),(503,'2024-08-28 00:00:00.000000',1,_binary '','kota',243,'Kabupaten Sukabumi',NULL,NULL,NULL),(504,'2024-08-28 00:00:00.000000',1,_binary '','kota',243,'Kabupaten Sumedang',NULL,NULL,NULL),(505,'2024-08-28 00:00:00.000000',1,_binary '','kota',243,'Kabupaten Tasikmalaya',NULL,NULL,NULL),(506,'2024-08-28 00:00:00.000000',1,_binary '','kota',243,'Kota Bandung',NULL,NULL,NULL),(507,'2024-08-28 00:00:00.000000',1,_binary '','kota',243,'Kota Banjar',NULL,NULL,NULL),(508,'2024-08-28 00:00:00.000000',1,_binary '','kota',243,'Kota Bekasi',NULL,NULL,NULL),(509,'2024-08-28 00:00:00.000000',1,_binary '','kota',243,'Kota Bogor',NULL,NULL,NULL),(510,'2024-08-28 00:00:00.000000',1,_binary '','kota',243,'Kota Cimahi',NULL,NULL,NULL),(511,'2024-08-28 00:00:00.000000',1,_binary '','kota',243,'Kota Cirebon',NULL,NULL,NULL),(512,'2024-08-28 00:00:00.000000',1,_binary '','kota',243,'Kota Depok',NULL,NULL,NULL),(513,'2024-08-28 00:00:00.000000',1,_binary '','kota',243,'Kota Sukabumi',NULL,NULL,NULL),(514,'2024-08-28 00:00:00.000000',1,_binary '','kota',243,'Kota Tasikmalaya',NULL,NULL,NULL),(515,'2024-08-28 00:00:00.000000',1,_binary '','kota',244,'Kabupaten Banjarnegara',NULL,NULL,NULL),(516,'2024-08-28 00:00:00.000000',1,_binary '','kota',244,'Kabupaten Banyumas',NULL,NULL,NULL),(517,'2024-08-28 00:00:00.000000',1,_binary '','kota',244,'Kabupaten Batang',NULL,NULL,NULL),(518,'2024-08-28 00:00:00.000000',1,_binary '','kota',244,'Kabupaten Blora',NULL,NULL,NULL),(519,'2024-08-28 00:00:00.000000',1,_binary '','kota',244,'Kabupaten Boyolali',NULL,NULL,NULL),(520,'2024-08-28 00:00:00.000000',1,_binary '','kota',244,'Kabupaten Brebes',NULL,NULL,NULL),(521,'2024-08-28 00:00:00.000000',1,_binary '','kota',244,'Kabupaten Cilacap',NULL,NULL,NULL),(522,'2024-08-28 00:00:00.000000',1,_binary '','kota',244,'Kabupaten Demak',NULL,NULL,NULL),(523,'2024-08-28 00:00:00.000000',1,_binary '','kota',244,'Kabupaten Grobogan',NULL,NULL,NULL),(524,'2024-08-28 00:00:00.000000',1,_binary '','kota',244,'Kabupaten Jepara',NULL,NULL,NULL),(525,'2024-08-28 00:00:00.000000',1,_binary '','kota',244,'Kabupaten Karanganyar',NULL,NULL,NULL),(526,'2024-08-28 00:00:00.000000',1,_binary '','kota',244,'Kabupaten Kebumen',NULL,NULL,NULL),(527,'2024-08-28 00:00:00.000000',1,_binary '','kota',244,'Kabupaten Kendal',NULL,NULL,NULL),(528,'2024-08-28 00:00:00.000000',1,_binary '','kota',244,'Kabupaten Klaten',NULL,NULL,NULL),(529,'2024-08-28 00:00:00.000000',1,_binary '','kota',244,'Kabupaten Kudus',NULL,NULL,NULL),(530,'2024-08-28 00:00:00.000000',1,_binary '','kota',244,'Kabupaten Magelang',NULL,NULL,NULL),(531,'2024-08-28 00:00:00.000000',1,_binary '','kota',244,'Kabupaten Pati',NULL,NULL,NULL),(532,'2024-08-28 00:00:00.000000',1,_binary '','kota',244,'Kabupaten Pekalongan',NULL,NULL,NULL),(533,'2024-08-28 00:00:00.000000',1,_binary '','kota',244,'Kabupaten Pemalang',NULL,NULL,NULL),(534,'2024-08-28 00:00:00.000000',1,_binary '','kota',244,'Kabupaten Purbalingga',NULL,NULL,NULL),(535,'2024-08-28 00:00:00.000000',1,_binary '','kota',244,'Kabupaten Purworejo',NULL,NULL,NULL),(536,'2024-08-28 00:00:00.000000',1,_binary '','kota',244,'Kabupaten Rembang',NULL,NULL,NULL),(537,'2024-08-28 00:00:00.000000',1,_binary '','kota',244,'Kabupaten Semarang',NULL,NULL,NULL),(538,'2024-08-28 00:00:00.000000',1,_binary '','kota',244,'Kabupaten Sragen',NULL,NULL,NULL),(539,'2024-08-28 00:00:00.000000',1,_binary '','kota',244,'Kabupaten Sukoharjo',NULL,NULL,NULL),(540,'2024-08-28 00:00:00.000000',1,_binary '','kota',244,'Kabupaten Tegal',NULL,NULL,NULL),(541,'2024-08-28 00:00:00.000000',1,_binary '','kota',244,'Kabupaten Temanggung',NULL,NULL,NULL),(542,'2024-08-28 00:00:00.000000',1,_binary '','kota',244,'Kabupaten Wonogiri',NULL,NULL,NULL),(543,'2024-08-28 00:00:00.000000',1,_binary '','kota',244,'Kabupaten Wonosobo',NULL,NULL,NULL),(544,'2024-08-28 00:00:00.000000',1,_binary '','kota',244,'Kota Magelang',NULL,NULL,NULL),(545,'2024-08-28 00:00:00.000000',1,_binary '','kota',244,'Kota Pekalongan',NULL,NULL,NULL),(546,'2024-08-28 00:00:00.000000',1,_binary '','kota',244,'Kota Salatiga',NULL,NULL,NULL),(547,'2024-08-28 00:00:00.000000',1,_binary '','kota',244,'Kota Semarang',NULL,NULL,NULL),(548,'2024-08-28 00:00:00.000000',1,_binary '','kota',244,'Kota Surakarta',NULL,NULL,NULL),(549,'2024-08-28 00:00:00.000000',1,_binary '','kota',244,'Kota Tegal',NULL,NULL,NULL),(550,'2024-08-28 00:00:00.000000',1,_binary '','kota',245,'Kabupaten Bantul',NULL,NULL,NULL),(551,'2024-08-28 00:00:00.000000',1,_binary '','kota',245,'Kabupaten Gunungkidul',NULL,NULL,NULL),(552,'2024-08-28 00:00:00.000000',1,_binary '','kota',245,'Kabupaten Kulon Progo',NULL,NULL,NULL),(553,'2024-08-28 00:00:00.000000',1,_binary '','kota',245,'Kabupaten Sleman',NULL,NULL,NULL),(554,'2024-08-28 00:00:00.000000',1,_binary '','kota',245,'Kota Yogyakarta',NULL,NULL,NULL),(555,'2024-08-28 00:00:00.000000',1,_binary '','kota',246,'Kabupaten Bangkalan',NULL,NULL,NULL),(556,'2024-08-28 00:00:00.000000',1,_binary '','kota',246,'Kabupaten Banyuwangi',NULL,NULL,NULL),(557,'2024-08-28 00:00:00.000000',1,_binary '','kota',246,'Kabupaten Blitar',NULL,NULL,NULL),(558,'2024-08-28 00:00:00.000000',1,_binary '','kota',246,'Kabupaten Bojonegoro',NULL,NULL,NULL),(559,'2024-08-28 00:00:00.000000',1,_binary '','kota',246,'Kabupaten Bondowoso',NULL,NULL,NULL),(560,'2024-08-28 00:00:00.000000',1,_binary '','kota',246,'Kabupaten Gresik',NULL,NULL,NULL),(561,'2024-08-28 00:00:00.000000',1,_binary '','kota',246,'Kabupaten Jember',NULL,NULL,NULL),(562,'2024-08-28 00:00:00.000000',1,_binary '','kota',246,'Kabupaten Jombang',NULL,NULL,NULL),(563,'2024-08-28 00:00:00.000000',1,_binary '','kota',246,'Kabupaten Kediri',NULL,NULL,NULL),(564,'2024-08-28 00:00:00.000000',1,_binary '','kota',246,'Kabupaten Lamongan',NULL,NULL,NULL),(565,'2024-08-28 00:00:00.000000',1,_binary '','kota',246,'Kabupaten Lumajang',NULL,NULL,NULL),(566,'2024-08-28 00:00:00.000000',1,_binary '','kota',246,'Kabupaten Madiun',NULL,NULL,NULL),(567,'2024-08-28 00:00:00.000000',1,_binary '','kota',246,'Kabupaten Magetan',NULL,NULL,NULL),(568,'2024-08-28 00:00:00.000000',1,_binary '','kota',246,'Kabupaten Malang',NULL,NULL,NULL),(569,'2024-08-28 00:00:00.000000',1,_binary '','kota',246,'Kabupaten Mojokerto',NULL,NULL,NULL),(570,'2024-08-28 00:00:00.000000',1,_binary '','kota',246,'Kabupaten Nganjuk',NULL,NULL,NULL),(571,'2024-08-28 00:00:00.000000',1,_binary '','kota',246,'Kabupaten Ngawi',NULL,NULL,NULL),(572,'2024-08-28 00:00:00.000000',1,_binary '','kota',246,'Kabupaten Pacitan',NULL,NULL,NULL),(573,'2024-08-28 00:00:00.000000',1,_binary '','kota',246,'Kabupaten Pamekasan',NULL,NULL,NULL),(574,'2024-08-28 00:00:00.000000',1,_binary '','kota',246,'Kabupaten Pasuruan',NULL,NULL,NULL),(575,'2024-08-28 00:00:00.000000',1,_binary '','kota',246,'Kabupaten Ponorogo',NULL,NULL,NULL),(576,'2024-08-28 00:00:00.000000',1,_binary '','kota',246,'Kabupaten Probolinggo',NULL,NULL,NULL),(577,'2024-08-28 00:00:00.000000',1,_binary '','kota',246,'Kabupaten Sampang',NULL,NULL,NULL),(578,'2024-08-28 00:00:00.000000',1,_binary '','kota',246,'Kabupaten Sidoarjo',NULL,NULL,NULL),(579,'2024-08-28 00:00:00.000000',1,_binary '','kota',246,'Kabupaten Situbondo',NULL,NULL,NULL),(580,'2024-08-28 00:00:00.000000',1,_binary '','kota',246,'Kabupaten Sumenep',NULL,NULL,NULL),(581,'2024-08-28 00:00:00.000000',1,_binary '','kota',246,'Kabupaten Trenggalek',NULL,NULL,NULL),(582,'2024-08-28 00:00:00.000000',1,_binary '','kota',246,'Kabupaten Tuban',NULL,NULL,NULL),(583,'2024-08-28 00:00:00.000000',1,_binary '','kota',246,'Kabupaten Tulungagung',NULL,NULL,NULL),(584,'2024-08-28 00:00:00.000000',1,_binary '','kota',246,'Kota Batu',NULL,NULL,NULL),(585,'2024-08-28 00:00:00.000000',1,_binary '','kota',246,'Kota Blitar',NULL,NULL,NULL),(586,'2024-08-28 00:00:00.000000',1,_binary '','kota',246,'Kota Kediri',NULL,NULL,NULL),(587,'2024-08-28 00:00:00.000000',1,_binary '','kota',246,'Kota Madiun',NULL,NULL,NULL),(588,'2024-08-28 00:00:00.000000',1,_binary '','kota',246,'Kota Malang',NULL,NULL,NULL),(589,'2024-08-28 00:00:00.000000',1,_binary '','kota',246,'Kota Mojokerto',NULL,NULL,NULL),(590,'2024-08-28 00:00:00.000000',1,_binary '','kota',246,'Kota Pasuruan',NULL,NULL,NULL),(591,'2024-08-28 00:00:00.000000',1,_binary '','kota',246,'Kota Probolinggo',NULL,NULL,NULL),(592,'2024-08-28 00:00:00.000000',1,_binary '','kota',246,'Kota Surabaya',NULL,NULL,NULL),(593,'2024-08-28 00:00:00.000000',1,_binary '','kota',247,'Kabupaten Badung',NULL,NULL,NULL),(594,'2024-08-28 00:00:00.000000',1,_binary '','kota',247,'Kabupaten Bangli',NULL,NULL,NULL),(595,'2024-08-28 00:00:00.000000',1,_binary '','kota',247,'Kabupaten Buleleng',NULL,NULL,NULL),(596,'2024-08-28 00:00:00.000000',1,_binary '','kota',247,'Kabupaten Gianyar',NULL,NULL,NULL),(597,'2024-08-28 00:00:00.000000',1,_binary '','kota',247,'Kabupaten Jembrana',NULL,NULL,NULL),(598,'2024-08-28 00:00:00.000000',1,_binary '','kota',247,'Kabupaten Karangasem',NULL,NULL,NULL),(599,'2024-08-28 00:00:00.000000',1,_binary '','kota',247,'Kabupaten Klungkung',NULL,NULL,NULL),(600,'2024-08-28 00:00:00.000000',1,_binary '','kota',247,'Kabupaten Tabanan',NULL,NULL,NULL),(601,'2024-08-28 00:00:00.000000',1,_binary '','kota',247,'Kota Denpasar',NULL,NULL,NULL),(602,'2024-08-28 00:00:00.000000',1,_binary '','kota',248,'Kabupaten Alor',NULL,NULL,NULL),(603,'2024-08-28 00:00:00.000000',1,_binary '','kota',248,'Kabupaten Belu',NULL,NULL,NULL),(604,'2024-08-28 00:00:00.000000',1,_binary '','kota',248,'Kabupaten Ende',NULL,NULL,NULL),(605,'2024-08-28 00:00:00.000000',1,_binary '','kota',248,'Kabupaten Flores Timur',NULL,NULL,NULL),(606,'2024-08-28 00:00:00.000000',1,_binary '','kota',248,'Kabupaten Kupang',NULL,NULL,NULL),(607,'2024-08-28 00:00:00.000000',1,_binary '','kota',248,'Kabupaten Lembata',NULL,NULL,NULL),(608,'2024-08-28 00:00:00.000000',1,_binary '','kota',248,'Kabupaten Malaka',NULL,NULL,NULL),(609,'2024-08-28 00:00:00.000000',1,_binary '','kota',248,'Kabupaten Manggarai',NULL,NULL,NULL),(610,'2024-08-28 00:00:00.000000',1,_binary '','kota',248,'Kabupaten Manggarai Barat',NULL,NULL,NULL),(611,'2024-08-28 00:00:00.000000',1,_binary '','kota',248,'Kabupaten Manggarai Timur',NULL,NULL,NULL),(612,'2024-08-28 00:00:00.000000',1,_binary '','kota',248,'Kabupaten Nagekeo',NULL,NULL,NULL),(613,'2024-08-28 00:00:00.000000',1,_binary '','kota',248,'Kabupaten Ngada',NULL,NULL,NULL),(614,'2024-08-28 00:00:00.000000',1,_binary '','kota',248,'Kabupaten Rote Ndao',NULL,NULL,NULL),(615,'2024-08-28 00:00:00.000000',1,_binary '','kota',248,'Kabupaten Sabu Raijua',NULL,NULL,NULL),(616,'2024-08-28 00:00:00.000000',1,_binary '','kota',248,'Kabupaten Sikka',NULL,NULL,NULL),(617,'2024-08-28 00:00:00.000000',1,_binary '','kota',248,'Kabupaten Sumba Barat',NULL,NULL,NULL),(618,'2024-08-28 00:00:00.000000',1,_binary '','kota',248,'Kabupaten Sumba Barat Daya',NULL,NULL,NULL),(619,'2024-08-28 00:00:00.000000',1,_binary '','kota',248,'Kabupaten Sumba Tengah',NULL,NULL,NULL),(620,'2024-08-28 00:00:00.000000',1,_binary '','kota',248,'Kabupaten Sumba Timur',NULL,NULL,NULL),(621,'2024-08-28 00:00:00.000000',1,_binary '','kota',248,'Kabupaten Timor Tengah Selatan',NULL,NULL,NULL),(622,'2024-08-28 00:00:00.000000',1,_binary '','kota',248,'Kabupaten Timor Tengah Utara',NULL,NULL,NULL),(623,'2024-08-28 00:00:00.000000',1,_binary '','kota',248,'Kota Kupang',NULL,NULL,NULL),(624,'2024-08-28 00:00:00.000000',1,_binary '','kota',249,'Kabupaten Bima',NULL,NULL,NULL),(625,'2024-08-28 00:00:00.000000',1,_binary '','kota',249,'Kabupaten Dompu',NULL,NULL,NULL),(626,'2024-08-28 00:00:00.000000',1,_binary '','kota',249,'Kabupaten Lombok Barat',NULL,NULL,NULL),(627,'2024-08-28 00:00:00.000000',1,_binary '','kota',249,'Kabupaten Lombok Tengah',NULL,NULL,NULL),(628,'2024-08-28 00:00:00.000000',1,_binary '','kota',249,'Kabupaten Lombok Timur',NULL,NULL,NULL),(629,'2024-08-28 00:00:00.000000',1,_binary '','kota',249,'Kabupaten Lombok Utara',NULL,NULL,NULL),(630,'2024-08-28 00:00:00.000000',1,_binary '','kota',249,'Kabupaten Sumbawa',NULL,NULL,NULL),(631,'2024-08-28 00:00:00.000000',1,_binary '','kota',249,'Kabupaten Sumbawa Barat',NULL,NULL,NULL),(632,'2024-08-28 00:00:00.000000',1,_binary '','kota',249,'Kota Bima',NULL,NULL,NULL),(633,'2024-08-28 00:00:00.000000',1,_binary '','kota',249,'Kota Mataram',NULL,NULL,NULL),(634,'2024-08-28 00:00:00.000000',1,_binary '','kota',250,'Kabupaten Boalemo',NULL,NULL,NULL),(635,'2024-08-28 00:00:00.000000',1,_binary '','kota',250,'Kabupaten Bone Bolango',NULL,NULL,NULL),(636,'2024-08-28 00:00:00.000000',1,_binary '','kota',250,'Kabupaten Gorontalo',NULL,NULL,NULL),(637,'2024-08-28 00:00:00.000000',1,_binary '','kota',250,'Kabupaten Gorontalo Utara',NULL,NULL,NULL),(638,'2024-08-28 00:00:00.000000',1,_binary '','kota',250,'Kabupaten Pohuwato',NULL,NULL,NULL),(639,'2024-08-28 00:00:00.000000',1,_binary '','kota',250,'Kota Gorontalo',NULL,NULL,NULL),(640,'2024-08-28 00:00:00.000000',1,_binary '','kota',251,'Kabupaten Majene',NULL,NULL,NULL),(641,'2024-08-28 00:00:00.000000',1,_binary '','kota',251,'Kabupaten Mamasa',NULL,NULL,NULL),(642,'2024-08-28 00:00:00.000000',1,_binary '','kota',251,'Kabupaten Mamuju',NULL,NULL,NULL),(643,'2024-08-28 00:00:00.000000',1,_binary '','kota',251,'Kabupaten Mamuju Tengah',NULL,NULL,NULL),(644,'2024-08-28 00:00:00.000000',1,_binary '','kota',251,'Kabupaten Pasangkayu',NULL,NULL,NULL),(645,'2024-08-28 00:00:00.000000',1,_binary '','kota',251,'Kabupaten Polewali Mandar',NULL,NULL,NULL),(646,'2024-08-28 00:00:00.000000',1,_binary '','kota',252,'Kabupaten Banggai',NULL,NULL,NULL),(647,'2024-08-28 00:00:00.000000',1,_binary '','kota',252,'Kabupaten Banggai Kepulauan',NULL,NULL,NULL),(648,'2024-08-28 00:00:00.000000',1,_binary '','kota',252,'Kabupaten Banggai Laut',NULL,NULL,NULL),(649,'2024-08-28 00:00:00.000000',1,_binary '','kota',252,'Kabupaten Buol',NULL,NULL,NULL),(650,'2024-08-28 00:00:00.000000',1,_binary '','kota',252,'Kabupaten Donggala',NULL,NULL,NULL),(651,'2024-08-28 00:00:00.000000',1,_binary '','kota',252,'Kabupaten Morowali',NULL,NULL,NULL),(652,'2024-08-28 00:00:00.000000',1,_binary '','kota',252,'Kabupaten Morowali Utara',NULL,NULL,NULL),(653,'2024-08-28 00:00:00.000000',1,_binary '','kota',252,'Kabupaten Parigi Moutong',NULL,NULL,NULL),(654,'2024-08-28 00:00:00.000000',1,_binary '','kota',252,'Kabupaten Poso',NULL,NULL,NULL),(655,'2024-08-28 00:00:00.000000',1,_binary '','kota',252,'Kabupaten Sigi',NULL,NULL,NULL),(656,'2024-08-28 00:00:00.000000',1,_binary '','kota',252,'Kabupaten Tojo Una-Una',NULL,NULL,NULL),(657,'2024-08-28 00:00:00.000000',1,_binary '','kota',252,'Kabupaten Tolitoli',NULL,NULL,NULL),(658,'2024-08-28 00:00:00.000000',1,_binary '','kota',252,'Kota Palu',NULL,NULL,NULL),(659,'2024-08-28 00:00:00.000000',1,_binary '','kota',253,'Kabupaten Bolaang Mongondow',NULL,NULL,NULL),(660,'2024-08-28 00:00:00.000000',1,_binary '','kota',253,'Kabupaten Bolaang Mongondow Selatan',NULL,NULL,NULL),(661,'2024-08-28 00:00:00.000000',1,_binary '','kota',253,'Kabupaten Bolaang Mongondow Timur',NULL,NULL,NULL),(662,'2024-08-28 00:00:00.000000',1,_binary '','kota',253,'Kabupaten Bolaang Mongondow Utara',NULL,NULL,NULL),(663,'2024-08-28 00:00:00.000000',1,_binary '','kota',253,'Kabupaten Kepulauan Sangihe',NULL,NULL,NULL),(664,'2024-08-28 00:00:00.000000',1,_binary '','kota',253,'Kabupaten Kepulauan Siau Tagulandang Biaro',NULL,NULL,NULL),(665,'2024-08-28 00:00:00.000000',1,_binary '','kota',253,'Kabupaten Kepulauan Talaud',NULL,NULL,NULL),(666,'2024-08-28 00:00:00.000000',1,_binary '','kota',253,'Kabupaten Minahasa',NULL,NULL,NULL),(667,'2024-08-28 00:00:00.000000',1,_binary '','kota',253,'Kabupaten Minahasa Selatan',NULL,NULL,NULL),(668,'2024-08-28 00:00:00.000000',1,_binary '','kota',253,'Kabupaten Minahasa Tenggara',NULL,NULL,NULL),(669,'2024-08-28 00:00:00.000000',1,_binary '','kota',253,'Kabupaten Minahasa Utara',NULL,NULL,NULL),(670,'2024-08-28 00:00:00.000000',1,_binary '','kota',253,'Kota Bitung',NULL,NULL,NULL),(671,'2024-08-28 00:00:00.000000',1,_binary '','kota',253,'Kota Kotamobagu',NULL,NULL,NULL),(672,'2024-08-28 00:00:00.000000',1,_binary '','kota',253,'Kota Manado',NULL,NULL,NULL),(673,'2024-08-28 00:00:00.000000',1,_binary '','kota',253,'Kota Tomohon',NULL,NULL,NULL),(674,'2024-08-28 00:00:00.000000',1,_binary '','kota',254,'Kabupaten Bombana',NULL,NULL,NULL),(675,'2024-08-28 00:00:00.000000',1,_binary '','kota',254,'Kabupaten Buton',NULL,NULL,NULL),(676,'2024-08-28 00:00:00.000000',1,_binary '','kota',254,'Kabupaten Buton Selatan',NULL,NULL,NULL),(677,'2024-08-28 00:00:00.000000',1,_binary '','kota',254,'Kabupaten Buton Tengah',NULL,NULL,NULL),(678,'2024-08-28 00:00:00.000000',1,_binary '','kota',254,'Kabupaten Buton Utara',NULL,NULL,NULL),(679,'2024-08-28 00:00:00.000000',1,_binary '','kota',254,'Kabupaten Kolaka',NULL,NULL,NULL),(680,'2024-08-28 00:00:00.000000',1,_binary '','kota',254,'Kabupaten Kolaka Timur',NULL,NULL,NULL),(681,'2024-08-28 00:00:00.000000',1,_binary '','kota',254,'Kabupaten Kolaka Utara',NULL,NULL,NULL),(682,'2024-08-28 00:00:00.000000',1,_binary '','kota',254,'Kabupaten Konawe',NULL,NULL,NULL),(683,'2024-08-28 00:00:00.000000',1,_binary '','kota',254,'Kabupaten Konawe Kepulauan',NULL,NULL,NULL),(684,'2024-08-28 00:00:00.000000',1,_binary '','kota',254,'Kabupaten Konawe Selatan',NULL,NULL,NULL),(685,'2024-08-28 00:00:00.000000',1,_binary '','kota',254,'Kabupaten Konawe Utara',NULL,NULL,NULL),(686,'2024-08-28 00:00:00.000000',1,_binary '','kota',254,'Kabupaten Muna',NULL,NULL,NULL),(687,'2024-08-28 00:00:00.000000',1,_binary '','kota',254,'Kabupaten Muna Barat',NULL,NULL,NULL),(688,'2024-08-28 00:00:00.000000',1,_binary '','kota',254,'Kabupaten Wakatobi',NULL,NULL,NULL),(689,'2024-08-28 00:00:00.000000',1,_binary '','kota',254,'Kota Baubau',NULL,NULL,NULL),(690,'2024-08-28 00:00:00.000000',1,_binary '','kota',254,'Kota Kendari',NULL,NULL,NULL),(691,'2024-08-28 00:00:00.000000',1,_binary '','kota',255,'Kabupaten Bantaeng',NULL,NULL,NULL),(692,'2024-08-28 00:00:00.000000',1,_binary '','kota',255,'Kabupaten Barru',NULL,NULL,NULL),(693,'2024-08-28 00:00:00.000000',1,_binary '','kota',255,'Kabupaten Bone',NULL,NULL,NULL),(694,'2024-08-28 00:00:00.000000',1,_binary '','kota',255,'Kabupaten Bulukumba',NULL,NULL,NULL),(695,'2024-08-28 00:00:00.000000',1,_binary '','kota',255,'Kabupaten Enrekang',NULL,NULL,NULL),(696,'2024-08-28 00:00:00.000000',1,_binary '','kota',255,'Kabupaten Gowa',NULL,NULL,NULL),(697,'2024-08-28 00:00:00.000000',1,_binary '','kota',255,'Kabupaten Jeneponto',NULL,NULL,NULL),(698,'2024-08-28 00:00:00.000000',1,_binary '','kota',255,'Kabupaten Kepulauan Selayar',NULL,NULL,NULL),(699,'2024-08-28 00:00:00.000000',1,_binary '','kota',255,'Kabupaten Luwu',NULL,NULL,NULL),(700,'2024-08-28 00:00:00.000000',1,_binary '','kota',255,'Kabupaten Luwu Timur',NULL,NULL,NULL),(701,'2024-08-28 00:00:00.000000',1,_binary '','kota',255,'Kabupaten Luwu Utara',NULL,NULL,NULL),(702,'2024-08-28 00:00:00.000000',1,_binary '','kota',255,'Kabupaten Maros',NULL,NULL,NULL),(703,'2024-08-28 00:00:00.000000',1,_binary '','kota',255,'Kabupaten Pangkajene dan Kepulauan',NULL,NULL,NULL),(704,'2024-08-28 00:00:00.000000',1,_binary '','kota',255,'Kabupaten Pinrang',NULL,NULL,NULL),(705,'2024-08-28 00:00:00.000000',1,_binary '','kota',255,'Kabupaten Sidenreng Rappang',NULL,NULL,NULL),(706,'2024-08-28 00:00:00.000000',1,_binary '','kota',255,'Kabupaten Sinjai',NULL,NULL,NULL),(707,'2024-08-28 00:00:00.000000',1,_binary '','kota',255,'Kabupaten Soppeng',NULL,NULL,NULL),(708,'2024-08-28 00:00:00.000000',1,_binary '','kota',255,'Kabupaten Takalar',NULL,NULL,NULL),(709,'2024-08-28 00:00:00.000000',1,_binary '','kota',255,'Kabupaten Tana Toraja',NULL,NULL,NULL),(710,'2024-08-28 00:00:00.000000',1,_binary '','kota',255,'Kabupaten Toraja Utara',NULL,NULL,NULL),(711,'2024-08-28 00:00:00.000000',1,_binary '','kota',255,'Kabupaten Wajo',NULL,NULL,NULL),(712,'2024-08-28 00:00:00.000000',1,_binary '','kota',255,'Kota Makassar',NULL,NULL,NULL),(713,'2024-08-28 00:00:00.000000',1,_binary '','kota',255,'Kota Palopo',NULL,NULL,NULL),(714,'2024-08-28 00:00:00.000000',1,_binary '','kota',255,'Kota Parepare',NULL,NULL,NULL),(715,'2024-08-28 00:00:00.000000',1,_binary '','kota',256,'Kabupaten Halmahera Barat',NULL,NULL,NULL),(716,'2024-08-28 00:00:00.000000',1,_binary '','kota',256,'Kabupaten Halmahera Selatan',NULL,NULL,NULL),(717,'2024-08-28 00:00:00.000000',1,_binary '','kota',256,'Kabupaten Halmahera Tengah',NULL,NULL,NULL),(718,'2024-08-28 00:00:00.000000',1,_binary '','kota',256,'Kabupaten Halmahera Timur',NULL,NULL,NULL),(719,'2024-08-28 00:00:00.000000',1,_binary '','kota',256,'Kabupaten Halmahera Utara',NULL,NULL,NULL),(720,'2024-08-28 00:00:00.000000',1,_binary '','kota',256,'Kabupaten Kepulauan Sula',NULL,NULL,NULL),(721,'2024-08-28 00:00:00.000000',1,_binary '','kota',256,'Kabupaten Pulau Morotai',NULL,NULL,NULL),(722,'2024-08-28 00:00:00.000000',1,_binary '','kota',256,'Kabupaten Pulau Taliabu',NULL,NULL,NULL),(723,'2024-08-28 00:00:00.000000',1,_binary '','kota',256,'Kota Ternate',NULL,NULL,NULL),(724,'2024-08-28 00:00:00.000000',1,_binary '','kota',256,'Kota Tidore Kepulauan',NULL,NULL,NULL),(725,'2024-08-28 00:00:00.000000',1,_binary '','kota',257,'Kabupaten Buru',NULL,NULL,NULL),(726,'2024-08-28 00:00:00.000000',1,_binary '','kota',257,'Kabupaten Buru Selatan',NULL,NULL,NULL),(727,'2024-08-28 00:00:00.000000',1,_binary '','kota',257,'Kabupaten Kepulauan Aru',NULL,NULL,NULL),(728,'2024-08-28 00:00:00.000000',1,_binary '','kota',257,'Kabupaten Kepulauan Tanimbar',NULL,NULL,NULL),(729,'2024-08-28 00:00:00.000000',1,_binary '','kota',257,'Kabupaten Maluku Barat Daya',NULL,NULL,NULL),(730,'2024-08-28 00:00:00.000000',1,_binary '','kota',257,'Kabupaten Maluku Tengah',NULL,NULL,NULL),(731,'2024-08-28 00:00:00.000000',1,_binary '','kota',257,'Kabupaten Maluku Tenggara',NULL,NULL,NULL),(732,'2024-08-28 00:00:00.000000',1,_binary '','kota',257,'Kabupaten Seram Bagian Barat',NULL,NULL,NULL),(733,'2024-08-28 00:00:00.000000',1,_binary '','kota',257,'Kabupaten Seram Bagian Timur',NULL,NULL,NULL),(734,'2024-08-28 00:00:00.000000',1,_binary '','kota',257,'Kota Ambon',NULL,NULL,NULL),(735,'2024-08-28 00:00:00.000000',1,_binary '','kota',257,'Kota Tual',NULL,NULL,NULL),(736,'2024-08-28 00:00:00.000000',1,_binary '','kota',258,'Kabupaten Fakfak',NULL,NULL,NULL),(737,'2024-08-28 00:00:00.000000',1,_binary '','kota',258,'Kabupaten Kaimana',NULL,NULL,NULL),(738,'2024-08-28 00:00:00.000000',1,_binary '','kota',258,'Kabupaten Manokwari',NULL,NULL,NULL),(739,'2024-08-28 00:00:00.000000',1,_binary '','kota',258,'Kabupaten Manokwari Selatan',NULL,NULL,NULL),(740,'2024-08-28 00:00:00.000000',1,_binary '','kota',258,'Kabupaten Pegunungan Arfak',NULL,NULL,NULL),(741,'2024-08-28 00:00:00.000000',1,_binary '','kota',258,'Kabupaten Teluk Bintuni',NULL,NULL,NULL),(742,'2024-08-28 00:00:00.000000',1,_binary '','kota',258,'Kabupaten Teluk Wondama',NULL,NULL,NULL),(743,'2024-08-28 00:00:00.000000',1,_binary '','kota',259,'Kabupaten Biak Numfor',NULL,NULL,NULL),(744,'2024-08-28 00:00:00.000000',1,_binary '','kota',259,'Kabupaten Jayapura',NULL,NULL,NULL),(745,'2024-08-28 00:00:00.000000',1,_binary '','kota',259,'Kabupaten Keerom',NULL,NULL,NULL),(746,'2024-08-28 00:00:00.000000',1,_binary '','kota',259,'Kabupaten Kepulauan Yapen',NULL,NULL,NULL),(747,'2024-08-28 00:00:00.000000',1,_binary '','kota',259,'Kabupaten Mamberamo Raya',NULL,NULL,NULL),(748,'2024-08-28 00:00:00.000000',1,_binary '','kota',259,'Kabupaten Sarmi',NULL,NULL,NULL),(749,'2024-08-28 00:00:00.000000',1,_binary '','kota',259,'Kabupaten Supiori',NULL,NULL,NULL),(750,'2024-08-28 00:00:00.000000',1,_binary '','kota',259,'Kabupaten Waropen',NULL,NULL,NULL),(751,'2024-08-28 00:00:00.000000',1,_binary '','kota',259,'Kota Jayapura',NULL,NULL,NULL),(752,'2024-08-28 00:00:00.000000',1,_binary '','kota',260,'Kabupaten Deiyai',NULL,NULL,NULL),(753,'2024-08-28 00:00:00.000000',1,_binary '','kota',260,'Kabupaten Dogiyai',NULL,NULL,NULL),(754,'2024-08-28 00:00:00.000000',1,_binary '','kota',260,'Kabupaten Intan Jaya',NULL,NULL,NULL),(755,'2024-08-28 00:00:00.000000',1,_binary '','kota',260,'Kabupaten Mimika',NULL,NULL,NULL),(756,'2024-08-28 00:00:00.000000',1,_binary '','kota',260,'Kabupaten Nabire',NULL,NULL,NULL),(757,'2024-08-28 00:00:00.000000',1,_binary '','kota',260,'Kabupaten Paniai',NULL,NULL,NULL),(758,'2024-08-28 00:00:00.000000',1,_binary '','kota',260,'Kabupaten Puncak',NULL,NULL,NULL),(759,'2024-08-28 00:00:00.000000',1,_binary '','kota',260,'Kabupaten Puncak Jaya',NULL,NULL,NULL),(760,'2024-08-28 00:00:00.000000',1,_binary '','kota',261,'Kabupaten Jayawijaya',NULL,NULL,NULL),(761,'2024-08-28 00:00:00.000000',1,_binary '','kota',261,'Kabupaten Lanny Jaya',NULL,NULL,NULL),(762,'2024-08-28 00:00:00.000000',1,_binary '','kota',261,'Kabupaten Mamberamo Tengah',NULL,NULL,NULL),(763,'2024-08-28 00:00:00.000000',1,_binary '','kota',261,'Kabupaten Nduga',NULL,NULL,NULL),(764,'2024-08-28 00:00:00.000000',1,_binary '','kota',261,'Kabupaten Pegunungan Bintang',NULL,NULL,NULL),(765,'2024-08-28 00:00:00.000000',1,_binary '','kota',261,'Kabupaten Tolikara',NULL,NULL,NULL),(766,'2024-08-28 00:00:00.000000',1,_binary '','kota',261,'Kabupaten Yalimo',NULL,NULL,NULL),(767,'2024-08-28 00:00:00.000000',1,_binary '','kota',261,'Kabupaten Yahukimo',NULL,NULL,NULL),(768,'2024-08-28 00:00:00.000000',1,_binary '','kota',262,'Kabupaten Asmat',NULL,NULL,NULL),(769,'2024-08-28 00:00:00.000000',1,_binary '','kota',262,'Kabupaten Boven Digoel',NULL,NULL,NULL),(770,'2024-08-28 00:00:00.000000',1,_binary '','kota',262,'Kabupaten Mappi',NULL,NULL,NULL),(771,'2024-08-28 00:00:00.000000',1,_binary '','kota',262,'Kabupaten Merauke',NULL,NULL,NULL),(772,'2024-08-28 00:00:00.000000',1,_binary '','kota',263,'Kabupaten Maybrat',NULL,NULL,NULL),(773,'2024-08-28 00:00:00.000000',1,_binary '','kota',263,'Kabupaten Raja Ampat',NULL,NULL,NULL),(774,'2024-08-28 00:00:00.000000',1,_binary '','kota',263,'Kabupaten Sorong',NULL,NULL,NULL),(775,'2024-08-28 00:00:00.000000',1,_binary '','kota',263,'Kabupaten Sorong Selatan',NULL,NULL,NULL),(776,'2024-08-28 00:00:00.000000',1,_binary '','kota',263,'Kabupaten Tambrauw',NULL,NULL,NULL),(777,'2024-08-28 00:00:00.000000',1,_binary '','kota',263,'Kota Sorong',NULL,NULL,NULL),(778,'2024-08-28 00:00:00.000000',1,_binary '','status_contract',NULL,'Internship',NULL,NULL,NULL),(779,'2024-08-28 00:00:00.000000',1,_binary '','status_contract',NULL,'Contract',NULL,NULL,NULL),(780,'2024-08-28 00:00:00.000000',1,_binary '','status_contract',NULL,'Part-time',NULL,NULL,NULL),(781,'2024-08-28 00:00:00.000000',1,_binary '','status_contract',NULL,'Full-time',NULL,NULL,NULL),(782,'2024-08-28 00:00:00.000000',1,_binary '','posisi_organisasi',NULL,'Ketua',NULL,NULL,NULL),(783,'2024-08-28 00:00:00.000000',1,_binary '','posisi_organisasi',NULL,'Wakil Ketua',NULL,NULL,NULL),(784,'2024-08-28 00:00:00.000000',1,_binary '','posisi_organisasi',NULL,'Kepala Divisi/Departemen/Bidang',NULL,NULL,NULL),(785,'2024-08-28 00:00:00.000000',1,_binary '','posisi_organisasi',NULL,'Wakil Divisi/Departemen/Bidang',NULL,NULL,NULL),(786,'2024-08-28 00:00:00.000000',1,_binary '','posisi_organisasi',NULL,'Anggota',NULL,NULL,NULL),(787,'2024-08-28 00:00:00.000000',1,_binary '','bahasa',NULL,'Bahasa Indonesia',NULL,NULL,NULL),(788,'2024-08-28 00:00:00.000000',1,_binary '','bahasa',NULL,'Bahasa Inggris (US)',NULL,NULL,NULL),(789,'2024-08-28 00:00:00.000000',1,_binary '','bahasa',NULL,'Bahasa Inggris (UK)',NULL,NULL,NULL),(790,'2024-08-28 00:00:00.000000',1,_binary '','bahasa',NULL,'Bahasa Perancis',NULL,NULL,NULL),(791,'2024-08-28 00:00:00.000000',1,_binary '','bahasa',NULL,'Bahasa Jerman',NULL,NULL,NULL),(792,'2024-08-28 00:00:00.000000',1,_binary '','bahasa',NULL,'Bahasa Jepang',NULL,NULL,NULL),(793,'2024-08-28 00:00:00.000000',1,_binary '','bahasa',NULL,'Bahasa Rusia',NULL,NULL,NULL),(794,'2024-08-28 00:00:00.000000',1,_binary '','bahasa',NULL,'Bahasa Belanda',NULL,NULL,NULL),(795,'2024-08-28 00:00:00.000000',1,_binary '','bahasa',NULL,'Bahasa Italia',NULL,NULL,NULL),(796,'2024-08-28 00:00:00.000000',1,_binary '','bahasa',NULL,'Bahasa Arab',NULL,NULL,NULL),(797,'2024-08-28 00:00:00.000000',1,_binary '','bahasa',NULL,'Bahasa Mandarin',NULL,NULL,NULL),(798,'2024-08-28 00:00:00.000000',1,_binary '','bahasa',NULL,'Bahasa Korea',NULL,NULL,NULL),(799,'2024-08-28 00:00:00.000000',1,_binary '','bahasa',NULL,'Bahasa Portugis',NULL,NULL,NULL),(800,'2024-08-28 00:00:00.000000',1,_binary '','bahasa',NULL,'Bahasa Melayu',NULL,NULL,NULL),(801,'2024-08-28 00:00:00.000000',1,_binary '','bahasa',NULL,'Bahasa Yunani',NULL,NULL,NULL),(802,'2024-08-28 00:00:00.000000',1,_binary '','bahasa',NULL,'Bahasa Turki',NULL,NULL,NULL),(803,'2024-08-28 00:00:00.000000',1,_binary '','bahasa',NULL,'Bahasa Hindi',NULL,NULL,NULL),(804,'2024-08-28 00:00:00.000000',1,_binary '','bahasa',NULL,'Bahasa Tagalog',NULL,NULL,NULL),(805,'2024-08-28 00:00:00.000000',1,_binary '','bahasa',NULL,'Bahasa Rumania',NULL,NULL,NULL),(806,'2024-08-28 00:00:00.000000',1,_binary '','bahasa',NULL,'Bahasa Spanyol',NULL,NULL,NULL),(807,'2024-08-28 00:00:00.000000',1,_binary '','jenjang_pendidikan',NULL,'SD',NULL,NULL,NULL),(808,'2024-08-28 00:00:00.000000',1,_binary '','jenjang_pendidikan',NULL,'SMP',NULL,NULL,NULL),(809,'2024-08-28 00:00:00.000000',1,_binary '','jenjang_pendidikan',NULL,'SMA/SMK',NULL,NULL,NULL),(810,'2024-08-28 00:00:00.000000',1,_binary '','jenjang_pendidikan',NULL,'D-III',NULL,NULL,NULL),(811,'2024-08-28 00:00:00.000000',1,_binary '','jenjang_pendidikan',NULL,'S1/D-IV',NULL,NULL,NULL),(812,'2024-08-28 00:00:00.000000',1,_binary '','jenjang_pendidikan',NULL,'S2',NULL,NULL,NULL),(813,'2024-08-28 00:00:00.000000',1,_binary '','jenjang_pendidikan',NULL,'S3',NULL,NULL,NULL),(814,'2024-08-28 00:00:00.000000',1,_binary '','posisi_pekerjaan',NULL,'Software Engineer/Developer',NULL,NULL,NULL),(815,'2024-08-28 00:00:00.000000',1,_binary '','posisi_pekerjaan',NULL,'Web Developer',NULL,NULL,NULL),(816,'2024-08-28 00:00:00.000000',1,_binary '','posisi_pekerjaan',NULL,'Data Scientist',NULL,NULL,NULL),(817,'2024-08-28 00:00:00.000000',1,_binary '','posisi_pekerjaan',NULL,'Data Analyst',NULL,NULL,NULL),(818,'2024-08-28 00:00:00.000000',1,_binary '','posisi_pekerjaan',NULL,'Database Administrator',NULL,NULL,NULL),(819,'2024-08-28 00:00:00.000000',1,_binary '','posisi_pekerjaan',NULL,'System Administrator',NULL,NULL,NULL),(820,'2024-08-28 00:00:00.000000',1,_binary '','posisi_pekerjaan',NULL,'Network Engineer',NULL,NULL,NULL),(821,'2024-08-28 00:00:00.000000',1,_binary '','posisi_pekerjaan',NULL,'IT Support Specialist',NULL,NULL,NULL),(822,'2024-08-28 00:00:00.000000',1,_binary '','posisi_pekerjaan',NULL,'Cybersecurity Analyst',NULL,NULL,NULL),(823,'2024-08-28 00:00:00.000000',1,_binary '','posisi_pekerjaan',NULL,'DevOps Engineer',NULL,NULL,NULL),(824,'2024-08-28 00:00:00.000000',1,_binary '','posisi_pekerjaan',NULL,'Cloud Engineer',NULL,NULL,NULL),(825,'2024-08-28 00:00:00.000000',1,_binary '','posisi_pekerjaan',NULL,'Mobile App Developer',NULL,NULL,NULL),(826,'2024-08-28 00:00:00.000000',1,_binary '','posisi_pekerjaan',NULL,'Front-End Developer',NULL,NULL,NULL),(827,'2024-08-28 00:00:00.000000',1,_binary '','posisi_pekerjaan',NULL,'Back-End Developer',NULL,NULL,NULL),(828,'2024-08-28 00:00:00.000000',1,_binary '','posisi_pekerjaan',NULL,'Full Stack Developer',NULL,NULL,NULL),(829,'2024-08-28 00:00:00.000000',1,_binary '','posisi_pekerjaan',NULL,'IT Project Manager',NULL,NULL,NULL),(830,'2024-08-28 00:00:00.000000',1,_binary '','posisi_pekerjaan',NULL,'Quality Assurance (QA) Engineer',NULL,NULL,NULL),(831,'2024-08-28 00:00:00.000000',1,_binary '','posisi_pekerjaan',NULL,'Quality Assurance (QA) Tester',NULL,NULL,NULL),(832,'2024-08-28 00:00:00.000000',1,_binary '','posisi_pekerjaan',NULL,'UX/UI Designer',NULL,NULL,NULL),(833,'2024-08-28 00:00:00.000000',1,_binary '','posisi_pekerjaan',NULL,'IT Consultant',NULL,NULL,NULL),(834,'2024-08-28 00:00:00.000000',1,_binary '','posisi_pekerjaan',NULL,'Machine Learning Engineer',NULL,NULL,NULL),(835,'2024-08-28 00:00:00.000000',1,_binary '','posisi_pekerjaan',NULL,'Application Support',NULL,NULL,NULL),(836,'2024-08-28 00:00:00.000000',1,_binary '','posisi_pekerjaan',NULL,'Technical Writer',NULL,NULL,NULL),(837,'2024-08-28 00:00:00.000000',1,_binary '','posisi_pekerjaan',NULL,'Business Intelligence Analyst',NULL,NULL,NULL),(838,'2024-08-28 00:00:00.000000',1,_binary '','posisi_pekerjaan',NULL,'AI Engineer',NULL,NULL,NULL),(839,'2024-08-28 00:00:00.000000',1,_binary '','posisi_pekerjaan',NULL,'Accountant',NULL,NULL,NULL),(840,'2024-08-28 00:00:00.000000',1,_binary '','posisi_pekerjaan',NULL,'Financial Analyst',NULL,NULL,NULL),(841,'2024-08-28 00:00:00.000000',1,_binary '','posisi_pekerjaan',NULL,'Auditor',NULL,NULL,NULL),(842,'2024-08-28 00:00:00.000000',1,_binary '','posisi_pekerjaan',NULL,'Tax Consultant',NULL,NULL,NULL),(843,'2024-08-28 00:00:00.000000',1,_binary '','posisi_pekerjaan',NULL,'Bookkeeper',NULL,NULL,NULL),(844,'2024-08-28 00:00:00.000000',1,_binary '','posisi_pekerjaan',NULL,'Payroll Specialist',NULL,NULL,NULL),(845,'2024-08-28 00:00:00.000000',1,_binary '','posisi_pekerjaan',NULL,'Budget Analyst',NULL,NULL,NULL),(846,'2024-08-28 00:00:00.000000',1,_binary '','posisi_pekerjaan',NULL,'Credit Analyst',NULL,NULL,NULL),(847,'2024-08-28 00:00:00.000000',1,_binary '','posisi_pekerjaan',NULL,'Treasurer',NULL,NULL,NULL),(848,'2024-08-28 00:00:00.000000',1,_binary '','posisi_pekerjaan',NULL,'Risk Manager',NULL,NULL,NULL),(849,'2024-08-28 00:00:00.000000',1,_binary '','posisi_pekerjaan',NULL,'Controller',NULL,NULL,NULL),(850,'2024-08-28 00:00:00.000000',1,_binary '','posisi_pekerjaan',NULL,'Accounts Payable Clerk',NULL,NULL,NULL),(851,'2024-08-28 00:00:00.000000',1,_binary '','posisi_pekerjaan',NULL,'Accounts Receivable Clerk',NULL,NULL,NULL),(852,'2024-08-28 00:00:00.000000',1,_binary '','posisi_pekerjaan',NULL,'Finance Manager',NULL,NULL,NULL),(853,'2024-08-28 00:00:00.000000',1,_binary '','posisi_pekerjaan',NULL,'Cost Accountant',NULL,NULL,NULL),(854,'2024-08-28 00:00:00.000000',1,_binary '','posisi_pekerjaan',NULL,'Forensic Accountant',NULL,NULL,NULL),(855,'2024-08-28 00:00:00.000000',1,_binary '','posisi_pekerjaan',NULL,'Investment Analyst',NULL,NULL,NULL),(856,'2024-08-28 00:00:00.000000',1,_binary '','posisi_pekerjaan',NULL,'Financial Planner',NULL,NULL,NULL),(857,'2024-08-28 00:00:00.000000',1,_binary '','posisi_pekerjaan',NULL,'Internal Auditor',NULL,NULL,NULL),(858,'2024-08-28 00:00:00.000000',1,_binary '','posisi_pekerjaan',NULL,'Marketing Manager',NULL,NULL,NULL),(859,'2024-08-28 00:00:00.000000',1,_binary '','posisi_pekerjaan',NULL,'Sales Manager',NULL,NULL,NULL),(860,'2024-08-28 00:00:00.000000',1,_binary '','posisi_pekerjaan',NULL,'Brand Manager',NULL,NULL,NULL),(861,'2024-08-28 00:00:00.000000',1,_binary '','posisi_pekerjaan',NULL,'Product Manager',NULL,NULL,NULL),(862,'2024-08-28 00:00:00.000000',1,_binary '','posisi_pekerjaan',NULL,'Market Research Analyst',NULL,NULL,NULL),(863,'2024-08-28 00:00:00.000000',1,_binary '','posisi_pekerjaan',NULL,'Digital Marketing Specialist',NULL,NULL,NULL),(864,'2024-08-28 00:00:00.000000',1,_binary '','posisi_pekerjaan',NULL,'Content Strategist',NULL,NULL,NULL),(865,'2024-08-28 00:00:00.000000',1,_binary '','posisi_pekerjaan',NULL,'SEO Specialist',NULL,NULL,NULL),(866,'2024-08-28 00:00:00.000000',1,_binary '','posisi_pekerjaan',NULL,'Copywriter',NULL,NULL,NULL),(867,'2024-08-28 00:00:00.000000',1,_binary '','posisi_pekerjaan',NULL,'Sales Representative',NULL,NULL,NULL),(868,'2024-08-28 00:00:00.000000',1,_binary '','posisi_pekerjaan',NULL,'Business Development Manager',NULL,NULL,NULL),(869,'2024-08-28 00:00:00.000000',1,_binary '','posisi_pekerjaan',NULL,'Account Manager',NULL,NULL,NULL),(870,'2024-08-28 00:00:00.000000',1,_binary '','posisi_pekerjaan',NULL,'Customer Success Manager',NULL,NULL,NULL),(871,'2024-08-28 00:00:00.000000',1,_binary '','posisi_pekerjaan',NULL,'Sales Executive',NULL,NULL,NULL),(872,'2024-08-28 00:00:00.000000',1,_binary '','posisi_pekerjaan',NULL,'Territory Sales Manager',NULL,NULL,NULL),(873,'2024-08-28 00:00:00.000000',1,_binary '','posisi_pekerjaan',NULL,'Marketing Coordinator',NULL,NULL,NULL),(874,'2024-08-28 00:00:00.000000',1,_binary '','posisi_pekerjaan',NULL,'Social Media Manager',NULL,NULL,NULL),(875,'2024-08-28 00:00:00.000000',1,_binary '','posisi_pekerjaan',NULL,'Advertising Manager',NULL,NULL,NULL),(876,'2024-08-28 00:00:00.000000',1,_binary '','posisi_pekerjaan',NULL,'Public Relations Specialist',NULL,NULL,NULL),(877,'2024-08-28 00:00:00.000000',1,_binary '','posisi_pekerjaan',NULL,'Event Marketing Manager',NULL,NULL,NULL),(878,'2024-08-28 00:00:00.000000',1,_binary '','posisi_pekerjaan',NULL,'Sales Consultant',NULL,NULL,NULL),(879,'2024-08-28 00:00:00.000000',1,_binary '','posisi_pekerjaan',NULL,'Inside Sales Representative',NULL,NULL,NULL),(880,'2024-08-28 00:00:00.000000',1,_binary '','posisi_pekerjaan',NULL,'Channel Sales Manager',NULL,NULL,NULL),(881,'2024-08-28 00:00:00.000000',1,_binary '','posisi_pekerjaan',NULL,'Affiliate Marketing Manager',NULL,NULL,NULL),(882,'2024-08-28 00:00:00.000000',1,_binary '','posisi_pekerjaan',NULL,'Email Marketing Specialist',NULL,NULL,NULL),(883,'2024-08-28 00:00:00.000000',1,_binary '','posisi_pekerjaan',NULL,'Campaign Manager',NULL,NULL,NULL),(884,'2024-08-28 00:00:00.000000',1,_binary '','posisi_pekerjaan',NULL,'Product Marketing Manager',NULL,NULL,NULL),(885,'2024-08-28 00:00:00.000000',1,_binary '','posisi_pekerjaan',NULL,'Field Sales Representative',NULL,NULL,NULL),(886,'2024-08-28 00:00:00.000000',1,_binary '','posisi_pekerjaan',NULL,'Retail Manager',NULL,NULL,NULL),(887,'2024-08-28 00:00:00.000000',1,_binary '','posisi_pekerjaan',NULL,'Sales Operations Manager',NULL,NULL,NULL),(888,'2024-08-28 00:00:00.000000',1,_binary '','posisi_pekerjaan',NULL,'HR Manager',NULL,NULL,NULL),(889,'2024-08-28 00:00:00.000000',1,_binary '','posisi_pekerjaan',NULL,'Recruitment Specialist',NULL,NULL,NULL),(890,'2024-08-28 00:00:00.000000',1,_binary '','posisi_pekerjaan',NULL,'HR Generalist',NULL,NULL,NULL),(891,'2024-08-28 00:00:00.000000',1,_binary '','posisi_pekerjaan',NULL,'Training and Development Manager',NULL,NULL,NULL),(892,'2024-08-28 00:00:00.000000',1,_binary '','posisi_pekerjaan',NULL,'Compensation and Benefits Specialist',NULL,NULL,NULL),(893,'2024-08-28 00:00:00.000000',1,_binary '','posisi_pekerjaan',NULL,'Employee Relations Manager',NULL,NULL,NULL),(894,'2024-08-28 00:00:00.000000',1,_binary '','posisi_pekerjaan',NULL,'Talent Acquisition Specialist',NULL,NULL,NULL),(895,'2024-08-28 00:00:00.000000',1,_binary '','posisi_pekerjaan',NULL,'HR Coordinator',NULL,NULL,NULL),(896,'2024-08-28 00:00:00.000000',1,_binary '','posisi_pekerjaan',NULL,'HR Business Partner',NULL,NULL,NULL),(897,'2024-08-28 00:00:00.000000',1,_binary '','posisi_pekerjaan',NULL,'Labor Relations Specialist',NULL,NULL,NULL),(898,'2024-08-28 00:00:00.000000',1,_binary '','posisi_pekerjaan',NULL,'HR Assistant',NULL,NULL,NULL),(899,'2024-08-28 00:00:00.000000',1,_binary '','posisi_pekerjaan',NULL,'HR Administrator',NULL,NULL,NULL),(900,'2024-08-28 00:00:00.000000',1,_binary '','posisi_pekerjaan',NULL,'HR Consultant',NULL,NULL,NULL),(901,'2024-08-28 00:00:00.000000',1,_binary '','posisi_pekerjaan',NULL,'HR Director',NULL,NULL,NULL),(902,'2024-08-28 00:00:00.000000',1,_binary '','posisi_pekerjaan',NULL,'Payroll Manager',NULL,NULL,NULL),(903,'2024-08-28 00:00:00.000000',1,_binary '','posisi_pekerjaan',NULL,'Organizational Development Specialist',NULL,NULL,NULL),(904,'2024-08-28 00:00:00.000000',1,_binary '','posisi_pekerjaan',NULL,'HRIS Analyst',NULL,NULL,NULL),(905,'2024-08-28 00:00:00.000000',1,_binary '','posisi_pekerjaan',NULL,'Diversity and Inclusion Manager',NULL,NULL,NULL),(906,'2024-08-28 00:00:00.000000',1,_binary '','posisi_pekerjaan',NULL,'Learning and Development Specialist',NULL,NULL,NULL),(907,'2024-08-28 00:00:00.000000',1,_binary '','posisi_pekerjaan',NULL,'Performance Management Specialist',NULL,NULL,NULL),(908,'2024-08-28 00:00:00.000000',1,_binary '','posisi_pekerjaan',NULL,'Benefits Administrator',NULL,NULL,NULL),(909,'2024-08-28 00:00:00.000000',1,_binary '','posisi_pekerjaan',NULL,'Workforce Planning Analyst',NULL,NULL,NULL),(910,'2024-08-28 00:00:00.000000',1,_binary '','posisi_pekerjaan',NULL,'HR Compliance Officer',NULL,NULL,NULL),(911,'2024-08-28 00:00:00.000000',1,_binary '','posisi_pekerjaan',NULL,'Employee Engagement Specialist',NULL,NULL,NULL),(912,'2024-08-28 00:00:00.000000',1,_binary '','posisi_pekerjaan',NULL,'HR Operations Manager',NULL,NULL,NULL),(913,'2024-08-28 00:00:00.000000',1,_binary '','posisi_pekerjaan',NULL,'Talent Development Manager',NULL,NULL,NULL),(914,'2024-08-28 00:00:00.000000',1,_binary '','posisi_pekerjaan',NULL,'HR Analyst',NULL,NULL,NULL),(915,'2024-08-28 00:00:00.000000',1,_binary '','posisi_pekerjaan',NULL,'HR Representative',NULL,NULL,NULL),(916,'2024-08-28 00:00:00.000000',1,_binary '','posisi_pekerjaan',NULL,'Compensation Analyst',NULL,NULL,NULL),(917,'2024-08-28 00:00:00.000000',1,_binary '','posisi_pekerjaan',NULL,'Employee Experience Manager',NULL,NULL,NULL),(918,'2024-08-28 00:00:00.000000',1,_binary '','posisi_pekerjaan',NULL,'Production Manager',NULL,NULL,NULL),(919,'2024-08-28 00:00:00.000000',1,_binary '','posisi_pekerjaan',NULL,'Operations Manager',NULL,NULL,NULL),(920,'2024-08-28 00:00:00.000000',1,_binary '','posisi_pekerjaan',NULL,'Quality Control Inspector',NULL,NULL,NULL),(921,'2024-08-28 00:00:00.000000',1,_binary '','posisi_pekerjaan',NULL,'Logistics Coordinator',NULL,NULL,NULL),(922,'2024-08-28 00:00:00.000000',1,_binary '','posisi_pekerjaan',NULL,'Supply Chain Manager',NULL,NULL,NULL),(923,'2024-08-28 00:00:00.000000',1,_binary '','posisi_pekerjaan',NULL,'Manufacturing Engineer',NULL,NULL,NULL),(924,'2024-08-28 00:00:00.000000',1,_binary '','posisi_pekerjaan',NULL,'Warehouse Manager',NULL,NULL,NULL),(925,'2024-08-28 00:00:00.000000',1,_binary '','posisi_pekerjaan',NULL,'Maintenance Technician',NULL,NULL,NULL),(926,'2024-08-28 00:00:00.000000',1,_binary '','posisi_pekerjaan',NULL,'Production Planner',NULL,NULL,NULL),(927,'2024-08-28 00:00:00.000000',1,_binary '','posisi_pekerjaan',NULL,'Inventory Manager',NULL,NULL,NULL),(928,'2024-08-28 00:00:00.000000',1,_binary '','posisi_pekerjaan',NULL,'Process Engineer',NULL,NULL,NULL),(929,'2024-08-28 00:00:00.000000',1,_binary '','posisi_pekerjaan',NULL,'Production Supervisor',NULL,NULL,NULL),(930,'2024-08-28 00:00:00.000000',1,_binary '','posisi_pekerjaan',NULL,'Plant Manager',NULL,NULL,NULL),(931,'2024-08-28 00:00:00.000000',1,_binary '','posisi_pekerjaan',NULL,'Operations Supervisor',NULL,NULL,NULL),(932,'2024-08-28 00:00:00.000000',1,_binary '','posisi_pekerjaan',NULL,'Assembly Line Worker',NULL,NULL,NULL),(933,'2024-08-28 00:00:00.000000',1,_binary '','posisi_pekerjaan',NULL,'Machine Operator',NULL,NULL,NULL),(934,'2024-08-28 00:00:00.000000',1,_binary '','posisi_pekerjaan',NULL,'Packaging Operator',NULL,NULL,NULL),(935,'2024-08-28 00:00:00.000000',1,_binary '','posisi_pekerjaan',NULL,'Maintenance Supervisor',NULL,NULL,NULL),(936,'2024-08-28 00:00:00.000000',1,_binary '','posisi_pekerjaan',NULL,'Facility Manager',NULL,NULL,NULL),(937,'2024-08-28 00:00:00.000000',1,_binary '','posisi_pekerjaan',NULL,'Materials Manager',NULL,NULL,NULL),(938,'2024-08-28 00:00:00.000000',1,_binary '','posisi_pekerjaan',NULL,'Production Coordinator',NULL,NULL,NULL),(939,'2024-08-28 00:00:00.000000',1,_binary '','posisi_pekerjaan',NULL,'Shipping and Receiving Clerk',NULL,NULL,NULL),(940,'2024-08-28 00:00:00.000000',1,_binary '','posisi_pekerjaan',NULL,'Industrial Engineer',NULL,NULL,NULL),(941,'2024-08-28 00:00:00.000000',1,_binary '','posisi_pekerjaan',NULL,'Production Scheduler',NULL,NULL,NULL),(942,'2024-08-28 00:00:00.000000',1,_binary '','posisi_pekerjaan',NULL,'Operations Analyst',NULL,NULL,NULL),(943,'2024-08-28 00:00:00.000000',1,_binary '','posisi_pekerjaan',NULL,'Supply Chain Analyst',NULL,NULL,NULL),(944,'2024-08-28 00:00:00.000000',1,_binary '','posisi_pekerjaan',NULL,'Procurement Manager',NULL,NULL,NULL),(945,'2024-08-28 00:00:00.000000',1,_binary '','posisi_pekerjaan',NULL,'Tool and Die Maker',NULL,NULL,NULL),(946,'2024-08-28 00:00:00.000000',1,_binary '','posisi_pekerjaan',NULL,'Lean Manufacturing Specialist',NULL,NULL,NULL),(947,'2024-08-28 00:00:00.000000',1,_binary '','posisi_pekerjaan',NULL,'Forklift Operator',NULL,NULL,NULL),(948,'2024-08-28 00:00:00.000000',1,_binary '','posisi_pekerjaan',NULL,'Graphic Designer',NULL,NULL,NULL),(949,'2024-08-28 00:00:00.000000',1,_binary '','posisi_pekerjaan',NULL,'Art Director',NULL,NULL,NULL),(950,'2024-08-28 00:00:00.000000',1,_binary '','posisi_pekerjaan',NULL,'Creative Director',NULL,NULL,NULL),(951,'2024-08-28 00:00:00.000000',1,_binary '','posisi_pekerjaan',NULL,'Photographer',NULL,NULL,NULL),(952,'2024-08-28 00:00:00.000000',1,_binary '','posisi_pekerjaan',NULL,'Video Editor',NULL,NULL,NULL),(953,'2024-08-28 00:00:00.000000',1,_binary '','posisi_pekerjaan',NULL,'Animator',NULL,NULL,NULL),(954,'2024-08-28 00:00:00.000000',1,_binary '','posisi_pekerjaan',NULL,'Illustrator',NULL,NULL,NULL),(955,'2024-08-28 00:00:00.000000',1,_binary '','posisi_pekerjaan',NULL,'Interior Designer',NULL,NULL,NULL),(956,'2024-08-28 00:00:00.000000',1,_binary '','posisi_pekerjaan',NULL,'Fashion Designer',NULL,NULL,NULL),(957,'2024-08-28 00:00:00.000000',1,_binary '','posisi_pekerjaan',NULL,'Motion Graphic Designer',NULL,NULL,NULL),(958,'2024-08-28 00:00:00.000000',1,_binary '','posisi_pekerjaan',NULL,'Industrial Designer',NULL,NULL,NULL),(959,'2024-08-28 00:00:00.000000',1,_binary '','posisi_pekerjaan',NULL,'Game Designer',NULL,NULL,NULL),(960,'2024-08-28 00:00:00.000000',1,_binary '','posisi_pekerjaan',NULL,'Web Designer',NULL,NULL,NULL),(961,'2024-08-28 00:00:00.000000',1,_binary '','posisi_pekerjaan',NULL,'Concept Artist',NULL,NULL,NULL),(962,'2024-08-28 00:00:00.000000',1,_binary '','posisi_pekerjaan',NULL,'Visual Designer',NULL,NULL,NULL),(963,'2024-08-28 00:00:00.000000',1,_binary '','posisi_pekerjaan',NULL,'Exhibition Designer',NULL,NULL,NULL),(964,'2024-08-28 00:00:00.000000',1,_binary '','posisi_pekerjaan',NULL,'Typographer',NULL,NULL,NULL),(965,'2024-08-28 00:00:00.000000',1,_binary '','posisi_pekerjaan',NULL,'Packaging Designer',NULL,NULL,NULL),(966,'2024-08-28 00:00:00.000000',1,_binary '','posisi_pekerjaan',NULL,'Print Designer',NULL,NULL,NULL),(967,'2024-08-28 00:00:00.000000',1,_binary '','posisi_pekerjaan',NULL,'Set Designer',NULL,NULL,NULL),(968,'2024-08-28 00:00:00.000000',1,_binary '','posisi_pekerjaan',NULL,'Costume Designer',NULL,NULL,NULL),(969,'2024-08-28 00:00:00.000000',1,_binary '','posisi_pekerjaan',NULL,'Jewelry Designer',NULL,NULL,NULL),(970,'2024-08-28 00:00:00.000000',1,_binary '','posisi_pekerjaan',NULL,'Product Designer',NULL,NULL,NULL),(971,'2024-08-28 00:00:00.000000',1,_binary '','posisi_pekerjaan',NULL,'Textile Designer',NULL,NULL,NULL),(972,'2024-08-28 00:00:00.000000',1,_binary '','posisi_pekerjaan',NULL,'Character Designer',NULL,NULL,NULL),(973,'2024-08-28 00:00:00.000000',1,_binary '','posisi_pekerjaan',NULL,'Storyboard Artist',NULL,NULL,NULL),(974,'2024-08-28 00:00:00.000000',1,_binary '','posisi_pekerjaan',NULL,'Multimedia Artist',NULL,NULL,NULL),(975,'2024-08-28 00:00:00.000000',1,_binary '','posisi_pekerjaan',NULL,'3D Modeler',NULL,NULL,NULL),(976,'2024-08-28 00:00:00.000000',1,_binary '','posisi_pekerjaan',NULL,'Art Installer',NULL,NULL,NULL),(977,'2024-08-28 00:00:00.000000',1,_binary '','posisi_pekerjaan',NULL,'Doctor',NULL,NULL,NULL),(978,'2024-08-28 00:00:00.000000',1,_binary '','posisi_pekerjaan',NULL,'Nurse',NULL,NULL,NULL),(979,'2024-08-28 00:00:00.000000',1,_binary '','posisi_pekerjaan',NULL,'Pharmacist',NULL,NULL,NULL),(980,'2024-08-28 00:00:00.000000',1,_binary '','posisi_pekerjaan',NULL,'Medical Assistant',NULL,NULL,NULL),(981,'2024-08-28 00:00:00.000000',1,_binary '','posisi_pekerjaan',NULL,'Physician Assistant',NULL,NULL,NULL),(982,'2024-08-28 00:00:00.000000',1,_binary '','posisi_pekerjaan',NULL,'Radiologic Technologist',NULL,NULL,NULL),(983,'2024-08-28 00:00:00.000000',1,_binary '','posisi_pekerjaan',NULL,'Lab Technician',NULL,NULL,NULL),(984,'2024-08-28 00:00:00.000000',1,_binary '','posisi_pekerjaan',NULL,'Physical Therapist',NULL,NULL,NULL),(985,'2024-08-28 00:00:00.000000',1,_binary '','posisi_pekerjaan',NULL,'Dietitian/Nutritionist',NULL,NULL,NULL),(986,'2024-08-28 00:00:00.000000',1,_binary '','posisi_pekerjaan',NULL,'Mental Health Counselor',NULL,NULL,NULL),(987,'2024-08-28 00:00:00.000000',1,_binary '','posisi_pekerjaan',NULL,'Surgeon',NULL,NULL,NULL),(988,'2024-08-28 00:00:00.000000',1,_binary '','posisi_pekerjaan',NULL,'Anesthesiologist',NULL,NULL,NULL),(989,'2024-08-28 00:00:00.000000',1,_binary '','posisi_pekerjaan',NULL,'Obstetrician',NULL,NULL,NULL),(990,'2024-08-28 00:00:00.000000',1,_binary '','posisi_pekerjaan',NULL,'Pediatrician',NULL,NULL,NULL),(991,'2024-08-28 00:00:00.000000',1,_binary '','posisi_pekerjaan',NULL,'Dermatologist',NULL,NULL,NULL),(992,'2024-08-28 00:00:00.000000',1,_binary '','posisi_pekerjaan',NULL,'Oncologist',NULL,NULL,NULL),(993,'2024-08-28 00:00:00.000000',1,_binary '','posisi_pekerjaan',NULL,'Cardiologist',NULL,NULL,NULL),(994,'2024-08-28 00:00:00.000000',1,_binary '','posisi_pekerjaan',NULL,'Neurologist',NULL,NULL,NULL),(995,'2024-08-28 00:00:00.000000',1,_binary '','posisi_pekerjaan',NULL,'Orthopedic Surgeon',NULL,NULL,NULL),(996,'2024-08-28 00:00:00.000000',1,_binary '','posisi_pekerjaan',NULL,'Pulmonologist',NULL,NULL,NULL),(997,'2024-08-28 00:00:00.000000',1,_binary '','posisi_pekerjaan',NULL,'Endocrinologist',NULL,NULL,NULL),(998,'2024-08-28 00:00:00.000000',1,_binary '','posisi_pekerjaan',NULL,'Rheumatologist',NULL,NULL,NULL),(999,'2024-08-28 00:00:00.000000',1,_binary '','posisi_pekerjaan',NULL,'Emergency Medical Technician (EMT)',NULL,NULL,NULL),(1000,'2024-08-28 00:00:00.000000',1,_binary '','posisi_pekerjaan',NULL,'Paramedic',NULL,NULL,NULL),(1001,'2024-08-28 00:00:00.000000',1,_binary '','posisi_pekerjaan',NULL,'Optometrist',NULL,NULL,NULL),(1002,'2024-08-28 00:00:00.000000',1,_binary '','posisi_pekerjaan',NULL,'Audiologist',NULL,NULL,NULL),(1003,'2024-08-28 00:00:00.000000',1,_binary '','posisi_pekerjaan',NULL,'Speech-Language Pathologist',NULL,NULL,NULL),(1004,'2024-08-28 00:00:00.000000',1,_binary '','posisi_pekerjaan',NULL,'Occupational Therapist',NULL,NULL,NULL),(1005,'2024-08-28 00:00:00.000000',1,_binary '','posisi_pekerjaan',NULL,'Chiropractor',NULL,NULL,NULL),(1006,'2024-08-28 00:00:00.000000',1,_binary '','posisi_pekerjaan',NULL,'Medical Records Technician',NULL,NULL,NULL),(1007,'2024-08-28 00:00:00.000000',1,_binary '','posisi_pekerjaan',NULL,'Teacher',NULL,NULL,NULL),(1008,'2024-08-28 00:00:00.000000',1,_binary '','posisi_pekerjaan',NULL,'Lecturer',NULL,NULL,NULL),(1009,'2024-08-28 00:00:00.000000',1,_binary '','posisi_pekerjaan',NULL,'Librarian',NULL,NULL,NULL),(1010,'2024-08-28 00:00:00.000000',1,_binary '','posisi_pekerjaan',NULL,'Academic Advisor',NULL,NULL,NULL),(1011,'2024-08-28 00:00:00.000000',1,_binary '','posisi_pekerjaan',NULL,'Lawyer',NULL,NULL,NULL),(1012,'2024-08-28 00:00:00.000000',1,_binary '','posisi_pekerjaan',NULL,'Mechanical Engineer',NULL,NULL,NULL),(1013,'2024-08-28 00:00:00.000000',1,_binary '','posisi_pekerjaan',NULL,'Electrical Engineer',NULL,NULL,NULL),(1014,'2024-08-28 00:00:00.000000',1,_binary '','posisi_pekerjaan',NULL,'Civil Engineer',NULL,NULL,NULL),(1015,'2024-08-28 00:00:00.000000',1,_binary '','posisi_pekerjaan',NULL,'Chemical Engineer',NULL,NULL,NULL),(1016,'2024-08-28 00:00:00.000000',1,_binary '','posisi_pekerjaan',NULL,'Industrial Engineer',NULL,NULL,NULL),(1017,'2024-08-28 00:00:00.000000',1,_binary '','posisi_pekerjaan',NULL,'Aerospace Engineer',NULL,NULL,NULL),(1018,'2024-08-28 00:00:00.000000',1,_binary '','posisi_pekerjaan',NULL,'Structural Engineer',NULL,NULL,NULL),(1019,'2024-08-28 00:00:00.000000',1,_binary '','posisi_pekerjaan',NULL,'Environmental Engineer',NULL,NULL,NULL),(1020,'2024-08-28 00:00:00.000000',1,_binary '','posisi_pekerjaan',NULL,'Systems Engineer',NULL,NULL,NULL),(1021,'2024-08-28 00:00:00.000000',1,_binary '','posisi_pekerjaan',NULL,'Biomedical Engineer',NULL,NULL,NULL),(1022,'2024-08-28 00:00:00.000000',1,_binary '','posisi_pekerjaan',NULL,'Data Engineer',NULL,NULL,NULL),(1023,'2024-08-28 00:00:00.000000',1,_binary '','posisi_pekerjaan',NULL,'Automotive Engineer',NULL,NULL,NULL),(1024,'2024-08-28 00:00:00.000000',1,_binary '','posisi_pekerjaan',NULL,'Robotics Engineer',NULL,NULL,NULL),(1025,'2024-08-28 00:00:00.000000',1,_binary '','posisi_pekerjaan',NULL,'Energy Engineer',NULL,NULL,NULL),(1026,'2024-08-28 00:00:00.000000',1,_binary '','posisi_pekerjaan',NULL,'Geotechnical Engineer',NULL,NULL,NULL),(1027,'2024-08-28 00:00:00.000000',1,_binary '','posisi_pekerjaan',NULL,'Hydraulic Engineer',NULL,NULL,NULL),(1028,'2024-08-28 00:00:00.000000',1,_binary '','posisi_pekerjaan',NULL,'Mining Engineer',NULL,NULL,NULL),(1029,'2024-08-28 00:00:00.000000',1,_binary '','posisi_pekerjaan',NULL,'Marine Engineer',NULL,NULL,NULL),(1030,'2024-08-28 00:00:00.000000',1,_binary '','posisi_pekerjaan',NULL,'Petroleum Engineer',NULL,NULL,NULL),(1031,'2024-08-28 00:00:00.000000',1,_binary '','posisi_pekerjaan',NULL,'Nuclear Engineer',NULL,NULL,NULL),(1032,'2024-08-28 00:00:00.000000',1,_binary '','posisi_pekerjaan',NULL,'Telecommunications Engineer',NULL,NULL,NULL),(1033,'2024-08-28 00:00:00.000000',1,_binary '','posisi_pekerjaan',NULL,'Test Engineer',NULL,NULL,NULL),(1034,'2024-08-28 00:00:00.000000',1,_binary '','posisi_pekerjaan',NULL,'Manufacturing Engineer',NULL,NULL,NULL),(1035,'2024-08-28 00:00:00.000000',1,_binary '','posisi_pekerjaan',NULL,'Process Engineer',NULL,NULL,NULL),(1036,'2024-08-28 00:00:00.000000',1,_binary '','posisi_pekerjaan',NULL,'Optical Engineer',NULL,NULL,NULL),(1037,'2024-08-28 00:00:00.000000',1,_binary '','posisi_pekerjaan',NULL,'Thermal Engineer',NULL,NULL,NULL),(1038,'2024-08-28 00:00:00.000000',1,_binary '','posisi_pekerjaan',NULL,'Control Systems Engineer',NULL,NULL,NULL),(1039,'2024-08-28 00:00:00.000000',1,_binary '','skills',NULL,'Python',NULL,NULL,NULL),(1040,'2024-08-28 00:00:00.000000',1,_binary '','skills',NULL,'Java',NULL,NULL,NULL),(1041,'2024-08-28 00:00:00.000000',1,_binary '','skills',NULL,'JavaScript',NULL,NULL,NULL),(1042,'2024-08-28 00:00:00.000000',1,_binary '','skills',NULL,'C#',NULL,NULL,NULL),(1043,'2024-08-28 00:00:00.000000',1,_binary '','skills',NULL,'C++',NULL,NULL,NULL),(1044,'2024-08-28 00:00:00.000000',1,_binary '','skills',NULL,'PHP',NULL,NULL,NULL),(1045,'2024-08-28 00:00:00.000000',1,_binary '','skills',NULL,'Ruby',NULL,NULL,NULL),(1046,'2024-08-28 00:00:00.000000',1,_binary '','skills',NULL,'Swift',NULL,NULL,NULL),(1047,'2024-08-28 00:00:00.000000',1,_binary '','skills',NULL,'Perl',NULL,NULL,NULL),(1048,'2024-08-28 00:00:00.000000',1,_binary '','skills',NULL,'R',NULL,NULL,NULL),(1049,'2024-08-28 00:00:00.000000',1,_binary '','skills',NULL,'Go (Golang)',NULL,NULL,NULL),(1050,'2024-08-28 00:00:00.000000',1,_binary '','skills',NULL,'Dart',NULL,NULL,NULL),(1051,'2024-08-28 00:00:00.000000',1,_binary '','skills',NULL,'ASP.NET',NULL,NULL,NULL),(1052,'2024-08-28 00:00:00.000000',1,_binary '','skills',NULL,'Vuex',NULL,NULL,NULL),(1053,'2024-08-28 00:00:00.000000',1,_binary '','skills',NULL,'MobX',NULL,NULL,NULL),(1054,'2024-08-28 00:00:00.000000',1,_binary '','skills',NULL,'Qwik',NULL,NULL,NULL),(1055,'2024-08-28 00:00:00.000000',1,_binary '','skills',NULL,'Nuxt.js',NULL,NULL,NULL),(1056,'2024-08-28 00:00:00.000000',1,_binary '','skills',NULL,'Next.js',NULL,NULL,NULL),(1057,'2024-08-28 00:00:00.000000',1,_binary '','skills',NULL,'Gatsby.js',NULL,NULL,NULL),(1058,'2024-08-28 00:00:00.000000',1,_binary '','skills',NULL,'Gridsome',NULL,NULL,NULL),(1059,'2024-08-28 00:00:00.000000',1,_binary '','skills',NULL,'Aurelia',NULL,NULL,NULL),(1060,'2024-08-28 00:00:00.000000',1,_binary '','skills',NULL,'R3F (React Three Fiber)',NULL,NULL,NULL),(1061,'2024-08-28 00:00:00.000000',1,_binary '','skills',NULL,'Alpine.js',NULL,NULL,NULL),(1062,'2024-08-28 00:00:00.000000',1,_binary '','skills',NULL,'Htmx',NULL,NULL,NULL),(1063,'2024-08-28 00:00:00.000000',1,_binary '','skills',NULL,'Hyperapp',NULL,NULL,NULL),(1064,'2024-08-28 00:00:00.000000',1,_binary '','skills',NULL,'Marko',NULL,NULL,NULL),(1065,'2024-08-28 00:00:00.000000',1,_binary '','skills',NULL,'Kotlin',NULL,NULL,NULL),(1066,'2024-08-28 00:00:00.000000',1,_binary '','skills',NULL,'TypeScript',NULL,NULL,NULL),(1067,'2024-08-28 00:00:00.000000',1,_binary '','skills',NULL,'SQL',NULL,NULL,NULL),(1068,'2024-08-28 00:00:00.000000',1,_binary '','skills',NULL,'NoSQL',NULL,NULL,NULL),(1069,'2024-08-28 00:00:00.000000',1,_binary '','skills',NULL,'MongoDB',NULL,NULL,NULL),(1070,'2024-08-28 00:00:00.000000',1,_binary '','skills',NULL,'MySQL',NULL,NULL,NULL),(1071,'2024-08-28 00:00:00.000000',1,_binary '','skills',NULL,'PostgreSQL',NULL,NULL,NULL),(1072,'2024-08-28 00:00:00.000000',1,_binary '','skills',NULL,'Oracle DB',NULL,NULL,NULL),(1073,'2024-08-28 00:00:00.000000',1,_binary '','skills',NULL,'Redis',NULL,NULL,NULL),(1074,'2024-08-28 00:00:00.000000',1,_binary '','skills',NULL,'Cassandra',NULL,NULL,NULL),(1075,'2024-08-28 00:00:00.000000',1,_binary '','skills',NULL,'Elasticsearch',NULL,NULL,NULL),(1076,'2024-08-28 00:00:00.000000',1,_binary '','skills',NULL,'HTML',NULL,NULL,NULL),(1077,'2024-08-28 00:00:00.000000',1,_binary '','skills',NULL,'CSS',NULL,NULL,NULL),(1078,'2024-08-28 00:00:00.000000',1,_binary '','skills',NULL,'React',NULL,NULL,NULL),(1079,'2024-08-28 00:00:00.000000',1,_binary '','skills',NULL,'Angular',NULL,NULL,NULL),(1080,'2024-08-28 00:00:00.000000',1,_binary '','skills',NULL,'Vue.js',NULL,NULL,NULL),(1081,'2024-08-28 00:00:00.000000',1,_binary '','skills',NULL,'Node.js',NULL,NULL,NULL),(1082,'2024-08-28 00:00:00.000000',1,_binary '','skills',NULL,'Express.js',NULL,NULL,NULL),(1083,'2024-08-28 00:00:00.000000',1,_binary '','skills',NULL,'Django',NULL,NULL,NULL),(1084,'2024-08-28 00:00:00.000000',1,_binary '','skills',NULL,'Flask',NULL,NULL,NULL),(1085,'2024-08-28 00:00:00.000000',1,_binary '','skills',NULL,'Ruby on Rails',NULL,NULL,NULL),(1086,'2024-08-28 00:00:00.000000',1,_binary '','skills',NULL,'Spring Boot',NULL,NULL,NULL),(1087,'2024-08-28 00:00:00.000000',1,_binary '','skills',NULL,'Laravel',NULL,NULL,NULL),(1088,'2024-08-28 00:00:00.000000',1,_binary '','skills',NULL,'ASP.NET',NULL,NULL,NULL),(1089,'2024-08-28 00:00:00.000000',1,_binary '','skills',NULL,'RESTful APIs',NULL,NULL,NULL),(1090,'2024-08-28 00:00:00.000000',1,_binary '','skills',NULL,'GraphQL',NULL,NULL,NULL),(1091,'2024-08-28 00:00:00.000000',1,_binary '','skills',NULL,'SOAP',NULL,NULL,NULL),(1092,'2024-08-28 00:00:00.000000',1,_binary '','skills',NULL,'Docker',NULL,NULL,NULL),(1093,'2024-08-28 00:00:00.000000',1,_binary '','skills',NULL,'Kubernetes',NULL,NULL,NULL),(1094,'2024-08-28 00:00:00.000000',1,_binary '','skills',NULL,'Jenkins',NULL,NULL,NULL),(1095,'2024-08-28 00:00:00.000000',1,_binary '','skills',NULL,'CI/CD',NULL,NULL,NULL),(1096,'2024-08-28 00:00:00.000000',1,_binary '','skills',NULL,'Git',NULL,NULL,NULL),(1097,'2024-08-28 00:00:00.000000',1,_binary '','skills',NULL,'GitHub',NULL,NULL,NULL),(1098,'2024-08-28 00:00:00.000000',1,_binary '','skills',NULL,'GitLab',NULL,NULL,NULL),(1099,'2024-08-28 00:00:00.000000',1,_binary '','skills',NULL,'Bitbucket',NULL,NULL,NULL),(1100,'2024-08-28 00:00:00.000000',1,_binary '','skills',NULL,'Agile',NULL,NULL,NULL),(1101,'2024-08-28 00:00:00.000000',1,_binary '','skills',NULL,'Scrum',NULL,NULL,NULL),(1102,'2024-08-28 00:00:00.000000',1,_binary '','skills',NULL,'Kanban',NULL,NULL,NULL),(1103,'2024-08-28 00:00:00.000000',1,_binary '','skills',NULL,'JIRA',NULL,NULL,NULL),(1104,'2024-08-28 00:00:00.000000',1,_binary '','skills',NULL,'Trello',NULL,NULL,NULL),(1105,'2024-08-28 00:00:00.000000',1,_binary '','skills',NULL,'Confluence',NULL,NULL,NULL),(1106,'2024-08-28 00:00:00.000000',1,_binary '','skills',NULL,'AWS (Amazon Web Services)',NULL,NULL,NULL),(1107,'2024-08-28 00:00:00.000000',1,_binary '','skills',NULL,'Azure',NULL,NULL,NULL),(1108,'2024-08-28 00:00:00.000000',1,_binary '','skills',NULL,'Google Cloud Platform (GCP)',NULL,NULL,NULL),(1109,'2024-08-28 00:00:00.000000',1,_binary '','skills',NULL,'Terraform',NULL,NULL,NULL),(1110,'2024-08-28 00:00:00.000000',1,_binary '','skills',NULL,'Ansible',NULL,NULL,NULL),(1111,'2024-08-28 00:00:00.000000',1,_binary '','skills',NULL,'Puppet',NULL,NULL,NULL),(1112,'2024-08-28 00:00:00.000000',1,_binary '','skills',NULL,'Chef',NULL,NULL,NULL),(1113,'2024-08-28 00:00:00.000000',1,_binary '','skills',NULL,'Linux',NULL,NULL,NULL),(1114,'2024-08-28 00:00:00.000000',1,_binary '','skills',NULL,'Unix',NULL,NULL,NULL),(1115,'2024-08-28 00:00:00.000000',1,_binary '','skills',NULL,'Windows Server',NULL,NULL,NULL),(1116,'2024-08-28 00:00:00.000000',1,_binary '','skills',NULL,'MacOS',NULL,NULL,NULL),(1117,'2024-08-28 00:00:00.000000',1,_binary '','skills',NULL,'VMware',NULL,NULL,NULL),(1118,'2024-08-28 00:00:00.000000',1,_binary '','skills',NULL,'Hyper-V',NULL,NULL,NULL),(1119,'2024-08-28 00:00:00.000000',1,_binary '','skills',NULL,'Networking',NULL,NULL,NULL),(1120,'2024-08-28 00:00:00.000000',1,_binary '','skills',NULL,'TCP/IP',NULL,NULL,NULL),(1121,'2024-08-28 00:00:00.000000',1,_binary '','skills',NULL,'DNS',NULL,NULL,NULL),(1122,'2024-08-28 00:00:00.000000',1,_binary '','skills',NULL,'DHCP',NULL,NULL,NULL),(1123,'2024-08-28 00:00:00.000000',1,_binary '','skills',NULL,'VPN',NULL,NULL,NULL),(1124,'2024-08-28 00:00:00.000000',1,_binary '','skills',NULL,'Firewalls',NULL,NULL,NULL),(1125,'2024-08-28 00:00:00.000000',1,_binary '','skills',NULL,'Security',NULL,NULL,NULL),(1126,'2024-08-28 00:00:00.000000',1,_binary '','skills',NULL,'Penetration Testing',NULL,NULL,NULL),(1127,'2024-08-28 00:00:00.000000',1,_binary '','skills',NULL,'Encryption',NULL,NULL,NULL),(1128,'2024-08-28 00:00:00.000000',1,_binary '','skills',NULL,'IAM (Identity and Access Management)',NULL,NULL,NULL),(1129,'2024-08-28 00:00:00.000000',1,_binary '','skills',NULL,'SIEM (Security Information and Event Management)',NULL,NULL,NULL),(1130,'2024-08-28 00:00:00.000000',1,_binary '','skills',NULL,'Backup and Recovery',NULL,NULL,NULL),(1131,'2024-08-28 00:00:00.000000',1,_binary '','skills',NULL,'Performance Tuning',NULL,NULL,NULL),(1132,'2024-08-28 00:00:00.000000',1,_binary '','skills',NULL,'Troubleshooting',NULL,NULL,NULL),(1133,'2024-08-28 00:00:00.000000',1,_binary '','skills',NULL,'System Administration',NULL,NULL,NULL),(1134,'2024-08-28 00:00:00.000000',1,_binary '','skills',NULL,'Database Administration',NULL,NULL,NULL),(1135,'2024-08-28 00:00:00.000000',1,_binary '','skills',NULL,'DevOps',NULL,NULL,NULL),(1136,'2024-08-28 00:00:00.000000',1,_binary '','skills',NULL,'SRE (Site Reliability Engineering)',NULL,NULL,NULL),(1137,'2024-08-28 00:00:00.000000',1,_binary '','skills',NULL,'Monitoring',NULL,NULL,NULL),(1138,'2024-08-28 00:00:00.000000',1,_binary '','skills',NULL,'Logging',NULL,NULL,NULL),(1139,'2024-08-28 00:00:00.000000',1,_binary '','skills',NULL,'Data Analysis',NULL,NULL,NULL),(1140,'2024-08-28 00:00:00.000000',1,_binary '','skills',NULL,'Machine Learning',NULL,NULL,NULL),(1141,'2024-08-28 00:00:00.000000',1,_binary '','skills',NULL,'Artificial Intelligence',NULL,NULL,NULL),(1142,'2024-08-28 00:00:00.000000',1,_binary '','skills',NULL,'Data Visualization',NULL,NULL,NULL),(1143,'2024-08-28 00:00:00.000000',1,_binary '','skills',NULL,'Big Data',NULL,NULL,NULL),(1144,'2024-08-28 00:00:00.000000',1,_binary '','skills',NULL,'Hadoop',NULL,NULL,NULL),(1145,'2024-08-28 00:00:00.000000',1,_binary '','skills',NULL,'Spark',NULL,NULL,NULL),(1146,'2024-08-28 00:00:00.000000',1,_binary '','skills',NULL,'TensorFlow',NULL,NULL,NULL),(1147,'2024-08-28 00:00:00.000000',1,_binary '','skills',NULL,'PyTorch',NULL,NULL,NULL),(1148,'2024-08-28 00:00:00.000000',1,_binary '','skills',NULL,'Scikit-learn',NULL,NULL,NULL),(1149,'2024-08-28 00:00:00.000000',1,_binary '','skills',NULL,'Jupyter Notebooks',NULL,NULL,NULL),(1150,'2024-08-28 00:00:00.000000',1,_binary '','skills',NULL,'R Programming',NULL,NULL,NULL),(1151,'2024-08-28 00:00:00.000000',1,_binary '','skills',NULL,'MATLAB',NULL,NULL,NULL),(1152,'2024-08-28 00:00:00.000000',1,_binary '','skills',NULL,'Cloud Computing',NULL,NULL,NULL),(1153,'2024-08-28 00:00:00.000000',1,_binary '','skills',NULL,'Microservices',NULL,NULL,NULL),(1154,'2024-08-28 00:00:00.000000',1,_binary '','skills',NULL,'Serverless Architecture',NULL,NULL,NULL),(1155,'2024-08-28 00:00:00.000000',1,_binary '','skills',NULL,'API Development',NULL,NULL,NULL),(1156,'2024-08-28 00:00:00.000000',1,_binary '','skills',NULL,'API Integration',NULL,NULL,NULL),(1157,'2024-08-28 00:00:00.000000',1,_binary '','skills',NULL,'Web Services',NULL,NULL,NULL),(1158,'2024-08-28 00:00:00.000000',1,_binary '','skills',NULL,'Mobile Development',NULL,NULL,NULL),(1159,'2024-08-28 00:00:00.000000',1,_binary '','skills',NULL,'iOS Development',NULL,NULL,NULL),(1160,'2024-08-28 00:00:00.000000',1,_binary '','skills',NULL,'Android Development',NULL,NULL,NULL),(1161,'2024-08-28 00:00:00.000000',1,_binary '','skills',NULL,'Cross-Platform Development',NULL,NULL,NULL),(1162,'2024-08-28 00:00:00.000000',1,_binary '','skills',NULL,'UX/UI Design',NULL,NULL,NULL),(1163,'2024-08-28 00:00:00.000000',1,_binary '','skills',NULL,'Wireframing',NULL,NULL,NULL),(1164,'2024-08-28 00:00:00.000000',1,_binary '','skills',NULL,'Prototyping',NULL,NULL,NULL),(1165,'2024-08-28 00:00:00.000000',1,_binary '','skills',NULL,'User Research',NULL,NULL,NULL),(1166,'2024-08-28 00:00:00.000000',1,_binary '','skills',NULL,'A/B Testing',NULL,NULL,NULL),(1167,'2024-08-28 00:00:00.000000',1,_binary '','skills',NULL,'Usability Testing',NULL,NULL,NULL),(1168,'2024-08-28 00:00:00.000000',1,_binary '','skills',NULL,'Agile Development',NULL,NULL,NULL),(1169,'2024-08-28 00:00:00.000000',1,_binary '','skills',NULL,'Continuous Integration',NULL,NULL,NULL),(1170,'2024-08-28 00:00:00.000000',1,_binary '','skills',NULL,'Continuous Delivery',NULL,NULL,NULL),(1171,'2024-08-28 00:00:00.000000',1,_binary '','skills',NULL,'Automated Testing',NULL,NULL,NULL),(1172,'2024-08-28 00:00:00.000000',1,_binary '','skills',NULL,'Unit Testing',NULL,NULL,NULL),(1173,'2024-08-28 00:00:00.000000',1,_binary '','skills',NULL,'Integration Testing',NULL,NULL,NULL),(1174,'2024-08-28 00:00:00.000000',1,_binary '','skills',NULL,'System Testing',NULL,NULL,NULL),(1175,'2024-08-28 00:00:00.000000',1,_binary '','skills',NULL,'Regression Testing',NULL,NULL,NULL),(1176,'2024-08-28 00:00:00.000000',1,_binary '','skills',NULL,'Test-Driven Development (TDD)',NULL,NULL,NULL),(1177,'2024-08-28 00:00:00.000000',1,_binary '','skills',NULL,'Behavior-Driven Development (BDD)',NULL,NULL,NULL),(1178,'2024-08-28 00:00:00.000000',1,_binary '','skills',NULL,'Performance Testing',NULL,NULL,NULL),(1179,'2024-08-28 00:00:00.000000',1,_binary '','skills',NULL,'Load Testing',NULL,NULL,NULL),(1180,'2024-08-28 00:00:00.000000',1,_binary '','skills',NULL,'Stress Testing',NULL,NULL,NULL),(1181,'2024-08-28 00:00:00.000000',1,_binary '','skills',NULL,'Security Testing',NULL,NULL,NULL),(1182,'2024-08-28 00:00:00.000000',1,_binary '','skills',NULL,'Penetration Testing',NULL,NULL,NULL),(1183,'2024-08-28 00:00:00.000000',1,_binary '','skills',NULL,'Code Review',NULL,NULL,NULL),(1184,'2024-08-28 00:00:00.000000',1,_binary '','skills',NULL,'Design Patterns',NULL,NULL,NULL),(1185,'2024-08-28 00:00:00.000000',1,_binary '','skills',NULL,'Object-Oriented Programming (OOP)',NULL,NULL,NULL),(1186,'2024-08-28 00:00:00.000000',1,_binary '','skills',NULL,'Functional Programming',NULL,NULL,NULL),(1187,'2024-08-28 00:00:00.000000',1,_binary '','skills',NULL,'Concurrent Programming',NULL,NULL,NULL),(1188,'2024-08-28 00:00:00.000000',1,_binary '','skills',NULL,'Parallel Programming',NULL,NULL,NULL),(1189,'2024-08-28 00:00:00.000000',1,_binary '','skills',NULL,'Algorithm Design',NULL,NULL,NULL),(1190,'2024-08-28 00:00:00.000000',1,_binary '','skills',NULL,'Data Structures',NULL,NULL,NULL),(1191,'2024-08-28 00:00:00.000000',1,_binary '','skills',NULL,'Networking Protocols',NULL,NULL,NULL),(1192,'2024-08-28 00:00:00.000000',1,_binary '','skills',NULL,'Wireless Technologies',NULL,NULL,NULL),(1193,'2024-08-28 00:00:00.000000',1,_binary '','skills',NULL,'VoIP',NULL,NULL,NULL),(1194,'2024-08-28 00:00:00.000000',1,_binary '','skills',NULL,'SSH',NULL,NULL,NULL),(1195,'2024-08-28 00:00:00.000000',1,_binary '','skills',NULL,'FTP/SFTP',NULL,NULL,NULL),(1196,'2024-08-28 00:00:00.000000',1,_binary '','skills',NULL,'HTTP/HTTPS',NULL,NULL,NULL),(1197,'2024-08-28 00:00:00.000000',1,_binary '','skills',NULL,'REST',NULL,NULL,NULL),(1198,'2024-08-28 00:00:00.000000',1,_binary '','skills',NULL,'WebSocket',NULL,NULL,NULL),(1199,'2024-08-28 00:00:00.000000',1,_binary '','skills',NULL,'Content Management Systems (CMS)',NULL,NULL,NULL),(1200,'2024-08-28 00:00:00.000000',1,_binary '','skills',NULL,'WordPress',NULL,NULL,NULL),(1201,'2024-08-28 00:00:00.000000',1,_binary '','skills',NULL,'Joomla',NULL,NULL,NULL),(1202,'2024-08-28 00:00:00.000000',1,_binary '','skills',NULL,'Drupal',NULL,NULL,NULL),(1203,'2024-08-28 00:00:00.000000',1,_binary '','skills',NULL,'Magento',NULL,NULL,NULL),(1204,'2024-08-28 00:00:00.000000',1,_binary '','skills',NULL,'E-commerce Platforms',NULL,NULL,NULL),(1205,'2024-08-28 00:00:00.000000',1,_binary '','skills',NULL,'SEO (Search Engine Optimization)',NULL,NULL,NULL),(1206,'2024-08-28 00:00:00.000000',1,_binary '','skills',NULL,'SEM (Search Engine Marketing)',NULL,NULL,NULL),(1207,'2024-08-28 00:00:00.000000',1,_binary '','skills',NULL,'Digital Marketing',NULL,NULL,NULL),(1208,'2024-08-28 00:00:00.000000',1,_binary '','skills',NULL,'Social Media Integration',NULL,NULL,NULL),(1209,'2024-08-28 00:00:00.000000',1,_binary '','skills',NULL,'Content Delivery Networks (CDNs)',NULL,NULL,NULL),(1210,'2024-08-28 00:00:00.000000',1,_binary '','skills',NULL,'Web Hosting',NULL,NULL,NULL),(1211,'2024-08-28 00:00:00.000000',1,_binary '','skills',NULL,'Cloud Hosting',NULL,NULL,NULL),(1212,'2024-08-28 00:00:00.000000',1,_binary '','skills',NULL,'Site Optimization',NULL,NULL,NULL),(1213,'2024-08-28 00:00:00.000000',1,_binary '','skills',NULL,'Accessibility',NULL,NULL,NULL),(1214,'2024-08-28 00:00:00.000000',1,_binary '','skills',NULL,'Responsive Design',NULL,NULL,NULL),(1215,'2024-08-28 00:00:00.000000',1,_binary '','skills',NULL,'Cross-Browser Compatibility',NULL,NULL,NULL),(1216,'2024-08-28 00:00:00.000000',1,_binary '','skills',NULL,'Version Control',NULL,NULL,NULL),(1217,'2024-08-28 00:00:00.000000',1,_binary '','skills',NULL,'Build Tools',NULL,NULL,NULL),(1218,'2024-08-28 00:00:00.000000',1,_binary '','skills',NULL,'Webpack',NULL,NULL,NULL),(1219,'2024-08-28 00:00:00.000000',1,_binary '','skills',NULL,'Babel',NULL,NULL,NULL),(1220,'2024-08-28 00:00:00.000000',1,_binary '','skills',NULL,'NPM',NULL,NULL,NULL),(1221,'2024-08-28 00:00:00.000000',1,_binary '','skills',NULL,'Yarn',NULL,NULL,NULL),(1222,'2024-08-28 00:00:00.000000',1,_binary '','skills',NULL,'Package Management',NULL,NULL,NULL),(1223,'2024-08-28 00:00:00.000000',1,_binary '','skills',NULL,'Code Deployment',NULL,NULL,NULL),(1224,'2024-08-28 00:00:00.000000',1,_binary '','skills',NULL,'Environment Management',NULL,NULL,NULL),(1225,'2024-08-28 00:00:00.000000',1,_binary '','skills',NULL,'Configuration Management',NULL,NULL,NULL),(1226,'2024-08-28 00:00:00.000000',1,_binary '','skills',NULL,'Incident Management',NULL,NULL,NULL),(1227,'2024-08-28 00:00:00.000000',1,_binary '','skills',NULL,'Change Management',NULL,NULL,NULL),(1228,'2024-08-28 00:00:00.000000',1,_binary '','skills',NULL,'Risk Management',NULL,NULL,NULL),(1229,'2024-08-28 00:00:00.000000',1,_binary '','skills',NULL,'ITIL',NULL,NULL,NULL),(1230,'2024-08-28 00:00:00.000000',1,_binary '','skills',NULL,'Business Continuity Planning',NULL,NULL,NULL),(1231,'2024-08-28 00:00:00.000000',1,_binary '','skills',NULL,'Disaster Recovery',NULL,NULL,NULL),(1232,'2024-08-28 00:00:00.000000',1,_binary '','skills',NULL,'IT Governance',NULL,NULL,NULL),(1233,'2024-08-28 00:00:00.000000',1,_binary '','skills',NULL,'Compliance',NULL,NULL,NULL),(1234,'2024-08-28 00:00:00.000000',1,_binary '','skills',NULL,'Documentation',NULL,NULL,NULL),(1235,'2024-08-28 00:00:00.000000',1,_binary '','skills',NULL,'Technical Writing',NULL,NULL,NULL),(1236,'2024-08-28 00:00:00.000000',1,_binary '','skills',NULL,'Data Governance',NULL,NULL,NULL),(1237,'2024-08-28 00:00:00.000000',1,_binary '','skills',NULL,'Data Warehousing',NULL,NULL,NULL),(1238,'2024-08-28 00:00:00.000000',1,_binary '','skills',NULL,'ETL (Extract, Transform, Load)',NULL,NULL,NULL),(1239,'2024-08-28 00:00:00.000000',1,_binary '','skills',NULL,'Data Modeling',NULL,NULL,NULL),(1240,'2024-08-28 00:00:00.000000',1,_binary '','skills',NULL,'Data Migration',NULL,NULL,NULL),(1241,'2024-08-28 00:00:00.000000',1,_binary '','skills',NULL,'Data Quality',NULL,NULL,NULL),(1242,'2024-08-28 00:00:00.000000',1,_binary '','skills',NULL,'Metadata Management',NULL,NULL,NULL),(1243,'2024-08-28 00:00:00.000000',1,_binary '','skills',NULL,'Business Intelligence (BI)',NULL,NULL,NULL),(1244,'2024-08-28 00:00:00.000000',1,_binary '','skills',NULL,'Reporting',NULL,NULL,NULL),(1245,'2024-08-28 00:00:00.000000',1,_binary '','skills',NULL,'Dashboards',NULL,NULL,NULL),(1246,'2024-08-28 00:00:00.000000',1,_binary '','skills',NULL,'KPIs (Key Performance Indicators)',NULL,NULL,NULL),(1247,'2024-08-28 00:00:00.000000',1,_binary '','skills',NULL,'Resource Management',NULL,NULL,NULL),(1248,'2024-08-28 00:00:00.000000',1,_binary '','skills',NULL,'Project Management',NULL,NULL,NULL),(1249,'2024-08-28 00:00:00.000000',1,_binary '','skills',NULL,'Product Management',NULL,NULL,NULL),(1250,'2024-08-28 00:00:00.000000',1,_binary '','skills',NULL,'Stakeholder Management',NULL,NULL,NULL),(1251,'2024-08-28 00:00:00.000000',1,_binary '','skills',NULL,'Technical Support',NULL,NULL,NULL),(1252,'2024-08-28 00:00:00.000000',1,_binary '','skills',NULL,'User Training',NULL,NULL,NULL),(1253,'2024-08-28 00:00:00.000000',1,_binary '','skills',NULL,'Documentation',NULL,NULL,NULL),(1254,'2024-08-28 00:00:00.000000',1,_binary '','skills',NULL,'Helpdesk',NULL,NULL,NULL),(1255,'2024-08-28 00:00:00.000000',1,_binary '','skills',NULL,'Systems Analysis',NULL,NULL,NULL),(1256,'2024-08-28 00:00:00.000000',1,_binary '','skills',NULL,'Integration Architecture',NULL,NULL,NULL),(1257,'2024-08-28 00:00:00.000000',1,_binary '','skills',NULL,'Effective Communication',NULL,NULL,NULL),(1258,'2024-08-28 00:00:00.000000',1,_binary '','skills',NULL,'Team Collaboration',NULL,NULL,NULL),(1259,'2024-08-28 00:00:00.000000',1,_binary '','skills',NULL,'Leadership',NULL,NULL,NULL),(1260,'2024-08-28 00:00:00.000000',1,_binary '','skills',NULL,'Interpersonal Skills',NULL,NULL,NULL),(1261,'2024-08-28 00:00:00.000000',1,_binary '','skills',NULL,'Time Management',NULL,NULL,NULL),(1262,'2024-08-28 00:00:00.000000',1,_binary '','skills',NULL,'Adaptability',NULL,NULL,NULL),(1263,'2024-08-28 00:00:00.000000',1,_binary '','skills',NULL,'Problem Solving',NULL,NULL,NULL),(1264,'2024-08-28 00:00:00.000000',1,_binary '','skills',NULL,'Creativity',NULL,NULL,NULL),(1265,'2024-08-28 00:00:00.000000',1,_binary '','skills',NULL,'Negotiation Skills',NULL,NULL,NULL),(1266,'2024-08-28 00:00:00.000000',1,_binary '','skills',NULL,'Decision Making',NULL,NULL,NULL),(1267,'2024-08-28 00:00:00.000000',1,_binary '','skills',NULL,'Presentation Skills',NULL,NULL,NULL),(1268,'2024-08-28 00:00:00.000000',1,_binary '','skills',NULL,'Empathy',NULL,NULL,NULL),(1269,'2024-08-28 00:00:00.000000',1,_binary '','skills',NULL,'Critical Thinking',NULL,NULL,NULL),(1270,'2024-08-28 00:00:00.000000',1,_binary '','skills',NULL,'Project Management',NULL,NULL,NULL),(1271,'2024-08-28 00:00:00.000000',1,_binary '','skills',NULL,'Strategic Thinking',NULL,NULL,NULL),(1272,'2024-08-28 00:00:00.000000',1,_binary '','skills',NULL,'Organizational Skills',NULL,NULL,NULL),(1273,'2024-08-28 00:00:00.000000',1,_binary '','skills',NULL,'Analytical Skills',NULL,NULL,NULL),(1274,'2024-08-28 00:00:00.000000',1,_binary '','skills',NULL,'Punctuality',NULL,NULL,NULL),(1275,'2024-08-28 00:00:00.000000',1,_binary '','skills',NULL,'Deadline Adherence',NULL,NULL,NULL),(1276,'2024-08-28 00:00:00.000000',1,_binary '','skills',NULL,'Multitasking',NULL,NULL,NULL),(1277,'2024-08-28 00:00:00.000000',1,_binary '','skills',NULL,'Work Ethic',NULL,NULL,NULL),(1278,'2024-08-28 00:00:00.000000',1,_binary '','skills',NULL,'Resilience',NULL,NULL,NULL),(1279,'2024-08-28 00:00:00.000000',1,_binary '','skills',NULL,'Active Listening',NULL,NULL,NULL),(1280,'2024-08-28 00:00:00.000000',1,_binary '','skills',NULL,'Social Skills',NULL,NULL,NULL),(1281,'2024-08-28 00:00:00.000000',1,_binary '','skills',NULL,'Initiative',NULL,NULL,NULL),(1282,'2024-08-28 00:00:00.000000',1,_binary '','skills',NULL,'Ability to Adapt to New Technologies',NULL,NULL,NULL),(1283,'2024-08-28 00:00:00.000000',1,_binary '','skills',NULL,'Conflict Management',NULL,NULL,NULL),(1284,'2024-08-28 00:00:00.000000',1,_binary '','skills',NULL,'Self-Confidence',NULL,NULL,NULL),(1285,'2024-08-28 00:00:00.000000',1,_binary '','skills',NULL,'Public Speaking',NULL,NULL,NULL),(1286,'2024-08-28 00:00:00.000000',1,_binary '','skills',NULL,'Negotiation Skills',NULL,NULL,NULL),(1287,'2024-08-28 00:00:00.000000',1,_binary '','skills',NULL,'Self-Motivation',NULL,NULL,NULL),(1288,'2024-08-28 00:00:00.000000',1,_binary '','skills',NULL,'Willingness to Take Risks',NULL,NULL,NULL),(1289,'2024-08-28 00:00:00.000000',1,_binary '','skills',NULL,'Report Writing',NULL,NULL,NULL),(1290,'2024-08-28 00:00:00.000000',1,_binary '','skills',NULL,'Attention to Detail',NULL,NULL,NULL),(1291,'2024-08-28 00:00:00.000000',1,_binary '','skills',NULL,'Quality Orientation',NULL,NULL,NULL),(1292,'2024-08-28 00:00:00.000000',1,_binary '','skills',NULL,'Ability to Work Under Pressure',NULL,NULL,NULL),(1293,'2024-08-28 00:00:00.000000',1,_binary '','skills',NULL,'Cultural Sensitivity',NULL,NULL,NULL),(1294,'2024-08-28 00:00:00.000000',1,_binary '','skills',NULL,'Knowledge Transfer',NULL,NULL,NULL),(1295,'2024-08-28 00:00:00.000000',1,_binary '','skills',NULL,'Budget Management',NULL,NULL,NULL),(1296,'2024-08-28 00:00:00.000000',1,_binary '','skills',NULL,'Creative Thinking',NULL,NULL,NULL);
/*!40000 ALTER TABLE `reference_param` ENABLE KEYS */;
UNLOCK TABLES;

--
-- Table structure for table `reset_password_token`
--

DROP TABLE IF EXISTS `reset_password_token`;
/*!40101 SET @saved_cs_client     = @@character_set_client */;
/*!50503 SET character_set_client = utf8mb4 */;
CREATE TABLE `reset_password_token` (
  `id` bigint NOT NULL AUTO_INCREMENT,
  `expiry_date_time` datetime(6) DEFAULT NULL,
  `token` varchar(255) CHARACTER SET utf8mb4 COLLATE utf8mb4_unicode_ci DEFAULT NULL,
  `account_id` bigint NOT NULL,
  PRIMARY KEY (`id`),
  KEY `FKf8fxk9jthoxy8c8vrl05r7h40` (`account_id`),
  CONSTRAINT `FKf8fxk9jthoxy8c8vrl05r7h40` FOREIGN KEY (`account_id`) REFERENCES `account` (`id`)
) ENGINE=InnoDB DEFAULT CHARSET=utf8mb4 COLLATE=utf8mb4_unicode_ci;
/*!40101 SET character_set_client = @saved_cs_client */;

--
-- Dumping data for table `reset_password_token`
--

LOCK TABLES `reset_password_token` WRITE;
/*!40000 ALTER TABLE `reset_password_token` DISABLE KEYS */;
/*!40000 ALTER TABLE `reset_password_token` ENABLE KEYS */;
UNLOCK TABLES;

--
-- Table structure for table `role`
--

DROP TABLE IF EXISTS `role`;
/*!40101 SET @saved_cs_client     = @@character_set_client */;
/*!50503 SET character_set_client = utf8mb4 */;
CREATE TABLE `role` (
  `id` bigint NOT NULL AUTO_INCREMENT,
  `name` varchar(255) CHARACTER SET utf8mb4 COLLATE utf8mb4_unicode_ci NOT NULL,
  PRIMARY KEY (`id`),
  UNIQUE KEY `UK_8sewwnpamngi6b1dwaa88askk` (`name`)
) ENGINE=InnoDB AUTO_INCREMENT=7 DEFAULT CHARSET=utf8mb4 COLLATE=utf8mb4_unicode_ci;
/*!40101 SET character_set_client = @saved_cs_client */;

--
-- Dumping data for table `role`
--

LOCK TABLES `role` WRITE;
/*!40000 ALTER TABLE `role` DISABLE KEYS */;
INSERT INTO `role` VALUES (2,'ADMIN'),(4,'CLIENT'),(6,'DEFAULT'),(5,'MITRA'),(3,'RM'),(1,'SUPER ADMIN');
/*!40000 ALTER TABLE `role` ENABLE KEYS */;
UNLOCK TABLES;

--
-- Table structure for table `role_privileges`
--

DROP TABLE IF EXISTS `role_privileges`;
/*!40101 SET @saved_cs_client     = @@character_set_client */;
/*!50503 SET character_set_client = utf8mb4 */;
CREATE TABLE `role_privileges` (
  `role_id` bigint NOT NULL,
  `privilege_id` bigint NOT NULL,
  KEY `FK9bh6h5cm4bq0u3q9pcotkydq8` (`privilege_id`),
  KEY `FKgelpp2j5e63axp7bcguwaqec5` (`role_id`),
  CONSTRAINT `FK9bh6h5cm4bq0u3q9pcotkydq8` FOREIGN KEY (`privilege_id`) REFERENCES `privilege` (`id`),
  CONSTRAINT `FKgelpp2j5e63axp7bcguwaqec5` FOREIGN KEY (`role_id`) REFERENCES `role` (`id`)
) ENGINE=InnoDB DEFAULT CHARSET=utf8mb4 COLLATE=utf8mb4_unicode_ci;
/*!40101 SET character_set_client = @saved_cs_client */;

--
-- Dumping data for table `role_privileges`
--

LOCK TABLES `role_privileges` WRITE;
/*!40000 ALTER TABLE `role_privileges` DISABLE KEYS */;
INSERT INTO `role_privileges` VALUES (1,1),(1,2),(1,3),(1,4),(1,5),(1,6),(1,7),(1,8),(1,9),(1,10),(1,11),(1,12),(1,13),(1,14),(1,15),(1,16),(1,17),(1,18),(1,19),(1,20),(1,21),(1,22),(1,23),(1,24),(1,25),(1,26),(1,27),(1,28),(1,29),(1,30),(1,31),(1,32),(1,33),(1,34),(1,35),(1,36),(1,37),(1,38),(1,39),(1,40),(1,41),(1,42),(1,43),(1,44),(1,45),(1,46),(1,47),(1,48),(1,49),(1,50),(1,51),(3,1),(3,2),(3,3),(3,4),(3,5),(3,10),(3,11),(3,12),(3,13),(3,14),(3,15),(3,16),(3,17),(3,18),(3,19),(3,20),(3,21),(3,22),(3,23),(3,24),(3,25),(3,26),(3,27),(3,28),(3,29),(3,30),(3,36),(3,39),(3,40),(3,41),(3,42),(3,51),(4,15),(4,20),(4,28),(4,32),(4,35),(4,36),(4,37),(4,38),(4,51),(5,15),(5,20),(5,28),(5,40),(5,43),(5,44),(5,45),(5,46),(5,47),(5,48),(5,49),(5,50),(5,51),(5,36),(2,19),(2,20),(2,21),(2,22),(2,5),(2,44),(2,18),(2,1),(2,2),(2,3),(2,4),(2,14),(2,15),(2,16),(2,17),(2,51),(2,35),(2,36),(2,37),(2,38),(2,23),(2,24),(2,25),(2,26),(2,27),(2,28),(2,29),(2,30),(2,6),(2,7),(2,8),(2,9),(2,39),(2,40),(2,41),(2,42);
/*!40000 ALTER TABLE `role_privileges` ENABLE KEYS */;
UNLOCK TABLES;

--
-- Table structure for table `skill`
--

DROP TABLE IF EXISTS `skill`;
/*!40101 SET @saved_cs_client     = @@character_set_client */;
/*!50503 SET character_set_client = utf8mb4 */;
CREATE TABLE `skill` (
  `id` int NOT NULL AUTO_INCREMENT,
  `created_at` datetime(6) DEFAULT NULL,
  `created_by` int DEFAULT NULL,
  `name` varchar(124) COLLATE utf8mb4_unicode_ci NOT NULL,
  `updated_at` datetime(6) DEFAULT NULL,
  `updated_by` int DEFAULT NULL,
  `category_id` int DEFAULT NULL,
  `level_id` int DEFAULT NULL,
  `talent_id` varchar(255) COLLATE utf8mb4_unicode_ci DEFAULT NULL,
  PRIMARY KEY (`id`),
  KEY `FKr4029u8cix725wo7hbrpq6lj2` (`category_id`),
  KEY `FKn54dem2qtglrn4sesoyk9g85d` (`level_id`),
  KEY `FKd9xs8thtoutgb7wln2b2sluwu` (`talent_id`),
  CONSTRAINT `FKd9xs8thtoutgb7wln2b2sluwu` FOREIGN KEY (`talent_id`) REFERENCES `talent` (`id`),
  CONSTRAINT `FKn54dem2qtglrn4sesoyk9g85d` FOREIGN KEY (`level_id`) REFERENCES `reference_param` (`id`),
  CONSTRAINT `FKr4029u8cix725wo7hbrpq6lj2` FOREIGN KEY (`category_id`) REFERENCES `reference_param` (`id`)
) ENGINE=InnoDB AUTO_INCREMENT=3 DEFAULT CHARSET=utf8mb4 COLLATE=utf8mb4_unicode_ci;
/*!40101 SET character_set_client = @saved_cs_client */;

--
-- Dumping data for table `skill`
--

LOCK TABLES `skill` WRITE;
/*!40000 ALTER TABLE `skill` DISABLE KEYS */;
INSERT INTO `skill` VALUES (1,'2024-08-31 08:37:50.366906',NULL,'Javascript Programming','2024-08-31 08:38:12.898308',NULL,161,112,'MA00001406');
/*!40000 ALTER TABLE `skill` ENABLE KEYS */;
UNLOCK TABLES;

--
-- Table structure for table `status`
--

DROP TABLE IF EXISTS `status`;
/*!40101 SET @saved_cs_client     = @@character_set_client */;
/*!50503 SET character_set_client = utf8mb4 */;
CREATE TABLE `status` (
  `id` bigint NOT NULL AUTO_INCREMENT,
  `color` varchar(255) CHARACTER SET utf8mb4 COLLATE utf8mb4_unicode_ci DEFAULT NULL,
  `name` varchar(255) CHARACTER SET utf8mb4 COLLATE utf8mb4_unicode_ci NOT NULL,
  PRIMARY KEY (`id`),
  UNIQUE KEY `UK_reccgx9nr0a8dwv201t44l6pd` (`name`)
) ENGINE=InnoDB AUTO_INCREMENT=7 DEFAULT CHARSET=utf8mb4 COLLATE=utf8mb4_unicode_ci;
/*!40101 SET character_set_client = @saved_cs_client */;

--
-- Dumping data for table `status`
--

LOCK TABLES `status` WRITE;
/*!40000 ALTER TABLE `status` DISABLE KEYS */;
INSERT INTO `status` VALUES (1,'#ffc107','CANCELLED'),(2,'#dc3545','REJECTED'),(3,'#6c757d','INVITED'),(4,'#28a745','ON PROCESS'),(5,'#007bff','RE SCHEDULE'),(6,'#17a2b8','ACCEPTED');
/*!40000 ALTER TABLE `status` ENABLE KEYS */;
UNLOCK TABLES;

--
-- Table structure for table `talent`
--

DROP TABLE IF EXISTS `talent`;
/*!40101 SET @saved_cs_client     = @@character_set_client */;
/*!50503 SET character_set_client = utf8mb4 */;
CREATE TABLE `talent` (
  `id` varchar(255) CHARACTER SET utf8mb4 COLLATE utf8mb4_unicode_ci NOT NULL,
  `active` bit(1) DEFAULT NULL,
  `current_degree` varchar(255) CHARACTER SET utf8mb4 COLLATE utf8mb4_unicode_ci DEFAULT NULL,
  `current_education` varchar(255) CHARACTER SET utf8mb4 COLLATE utf8mb4_unicode_ci DEFAULT NULL,
  `email` varchar(255) CHARACTER SET utf8mb4 COLLATE utf8mb4_unicode_ci NOT NULL,
  `name` varchar(255) CHARACTER SET utf8mb4 COLLATE utf8mb4_unicode_ci NOT NULL,
  `salary` bigint DEFAULT NULL,
  `updated_at` datetime(6) DEFAULT NULL,
  `user_url` varchar(255) CHARACTER SET utf8mb4 COLLATE utf8mb4_unicode_ci DEFAULT NULL,
  `nik` varchar(255) CHARACTER SET utf8mb4 COLLATE utf8mb4_unicode_ci DEFAULT NULL,
  `phone` varchar(255) CHARACTER SET utf8mb4 COLLATE utf8mb4_unicode_ci DEFAULT NULL,
  `photo` varchar(255) CHARACTER SET utf8mb4 COLLATE utf8mb4_unicode_ci DEFAULT NULL,
  `institute_id` bigint DEFAULT NULL,
  `ktp` varchar(255) CHARACTER SET utf8mb4 COLLATE utf8mb4_unicode_ci DEFAULT NULL,
  `deleted` bit(1) DEFAULT NULL,
  `disabled` bit(1) DEFAULT NULL,
  `current_work_assignment` varchar(255) COLLATE utf8mb4_unicode_ci DEFAULT NULL,
  `invite` varchar(255) COLLATE utf8mb4_unicode_ci DEFAULT NULL,
  `job` varchar(255) COLLATE utf8mb4_unicode_ci DEFAULT NULL,
  `skill` varchar(255) COLLATE utf8mb4_unicode_ci DEFAULT NULL,
  PRIMARY KEY (`id`),
  UNIQUE KEY `UK_2em1wmlh55lo5qo3u0dppjdv2` (`email`),
  KEY `FK3orkb6832hq7fmuvb5ycd2q6e` (`institute_id`),
  CONSTRAINT `FK3orkb6832hq7fmuvb5ycd2q6e` FOREIGN KEY (`institute_id`) REFERENCES `institute` (`id`)
) ENGINE=InnoDB DEFAULT CHARSET=utf8mb4 COLLATE=utf8mb4_unicode_ci;
/*!40101 SET character_set_client = @saved_cs_client */;

--
-- Dumping data for table `talent`
--

LOCK TABLES `talent` WRITE;
/*!40000 ALTER TABLE `talent` DISABLE KEYS */;
INSERT INTO `talent` VALUES ('HR118836',NULL,NULL,NULL,'mohamad.maulana@ms.mii.co.id','Mohamad Irfan Maulana',NULL,'2024-05-06 09:23:43.000898','bqVcNJZSvl','3175022702990007','+62 21 29 345 777',NULL,NULL,NULL,_binary '\0',NULL,NULL,NULL,NULL,NULL),('HR119223',NULL,NULL,NULL,'recruitment@mii.co.id','Dimas Raka Dewanggana',NULL,'2023-11-21 14:13:27.639835','MYfIOFIVln','3518082512000003',NULL,NULL,7,NULL,NULL,NULL,NULL,NULL,NULL,NULL),('HR119242',NULL,NULL,NULL,'rezki.putra@ms.mii.co.id','Rezki Dwy Putra',NULL,'2024-03-08 22:55:10.000000','qdhQzaLIbI','3578111705990003','+62 21 29 345 777',NULL,7,NULL,NULL,NULL,NULL,NULL,NULL,NULL),('HR119400',NULL,NULL,NULL,'ardian.maulana@ms.mii.co.id','Ardian Maulana',NULL,'2024-05-02 21:01:39.358847','vbFuumeYmQ','3273221501960007','+62 21 29 345 777','https://ma-cvme.s3.ap-southeast-1.amazonaws.com/Profile/Profile-125056.',NULL,NULL,_binary '\0',NULL,NULL,NULL,NULL,NULL),('HR119581',NULL,NULL,NULL,'moch.effendi@ms.mii.co.id','Moch. Rizal Effendi',NULL,'2024-02-22 09:55:33.683702','KsyDVUAoyR','3573040903970003','+62 21 29 345 777','https://ma-cvme.s3.ap-southeast-1.amazonaws.com/Profile/Profile-120555.',NULL,NULL,NULL,NULL,NULL,NULL,NULL,NULL),('MA00000010',NULL,NULL,NULL,'olivia.michelle@ms.mii.co.id','Olivia Michelle',NULL,'2024-04-30 11:18:38.014256','qvIOHyPcHB',NULL,'622129345777','https://s3.ap-southeast-1.amazonaws.com/metrodataacademy-images/Profile/Profile-085316.jpg',7,NULL,_binary '\0',NULL,NULL,NULL,NULL,NULL),('MA00000447',NULL,NULL,NULL,'Jonathan.Halim@mii.co.id','Jonathan Purnama Halim',NULL,'2024-08-15 14:39:20.902179','BFmeZxmsgc',NULL,'622129345777','https://ma-cvme.s3.ap-southeast-1.amazonaws.com/Profile/Profile-134255.',7,NULL,_binary '\0',NULL,NULL,NULL,NULL,NULL),('MA00001406',NULL,NULL,NULL,'ikramspp@gmail.com','Ikram Syahrudin Putra',NULL,'2024-05-16 14:38:03.946636','GIKaRaOvwk',NULL,'+6285211347355','https://i.ibb.co/wpmTdQ7/blob.png',7,NULL,_binary '\0',NULL,NULL,NULL,NULL,NULL),('MA00001573',NULL,NULL,NULL,'vinasantar27@gmail.com','Vina Santa Rosa Manurung',NULL,'2024-01-29 15:39:28.075535','KCpKxuIlyS','1471126705000001','082288463676','https://s3.ap-southeast-1.amazonaws.com/metrodataacademy-images/Profile/Profile-132346.jpg',NULL,NULL,NULL,NULL,NULL,NULL,NULL,NULL),('MA00001600',NULL,NULL,NULL,'satyasativa87@gmail.com','Satya Sativa',NULL,'2024-02-15 16:19:53.692708','XeDxPmDZoF',NULL,'089669507642','https://i.ibb.co/qdWzrxm/Fotosatyasativa1.jpg',7,NULL,NULL,NULL,NULL,NULL,NULL,NULL),('MA00002441',NULL,NULL,NULL,'muhammadsuryanto378@gmail.com','Muhammad Suryanto',NULL,'2024-05-02 21:40:28.652894','ufyevtKNAl','3603280412950006','0895360748735','https://ma-cvme.s3.ap-southeast-1.amazonaws.com/Profile/Profile-141626.',NULL,NULL,_binary '\0',NULL,NULL,NULL,NULL,NULL),('MA00002556',NULL,NULL,NULL,'multimediary@gmail.com','Mashum Abdul Jabbar',NULL,'2024-06-12 13:49:27.234622','LphWRbLcnV',NULL,'081365068548','https://i.ibb.co/xJXnDFv/blob.png',7,NULL,_binary '\0',NULL,NULL,NULL,NULL,NULL),('MA00002705',NULL,NULL,NULL,'ardhityarizaaz@gmail.com','Ardhityar Izaaz',NULL,'2023-12-01 09:34:39.745650','ancqiaIIfC',NULL,NULL,'https://i.ibb.co/QF5P3DG/blob.png',7,NULL,NULL,NULL,NULL,NULL,NULL,NULL),('MA00003125',NULL,NULL,NULL,'viaaini2@gmail.com','Via Aini',NULL,'2023-11-30 18:39:47.702440','qlYBYpxUPK',NULL,NULL,'https://i.ibb.co/n8rw1Q9/blob.png',7,NULL,NULL,NULL,NULL,NULL,NULL,NULL),('MA00003173',NULL,NULL,NULL,'refia.karsista@students.amikom.ac.id','Refia Karsista',NULL,'2023-12-04 10:34:17.512839','dbGRRASgKq',NULL,NULL,'https://i.ibb.co/qD7kP6z/foto-jobfair-amikom.jpg',7,NULL,NULL,NULL,NULL,NULL,NULL,NULL),('MA00003176',NULL,NULL,NULL,'khresnakurnia@gmail.com','Khresnadi Kurnia Jati Pamungkas',NULL,'2023-11-30 18:37:58.978130','rsAZHbORuy',NULL,NULL,'https://i.ibb.co/SyT2GKh/blob.png',7,NULL,NULL,NULL,NULL,NULL,NULL,NULL),('MA00003272',NULL,NULL,NULL,'riskadwiyuliati26@gmail.com','Riska Dwi Yuliati',NULL,'2023-12-04 10:34:22.896466','cnxALwTPmz',NULL,NULL,'https://i.ibb.co/L8BsY6J/blob.png',7,NULL,NULL,NULL,NULL,NULL,NULL,NULL),('MA00003281',NULL,NULL,NULL,'bayu.saputra4900@gmail.com','Bayu Saputra',NULL,'2023-12-04 13:46:46.739326','uqNwcxkFgN',NULL,NULL,'https://i.ibb.co/NjbLxCh/blob.png',7,NULL,NULL,NULL,NULL,NULL,NULL,NULL),('MA00003297',NULL,NULL,NULL,'nydiaerlinda@gmail.com','Nydia Erlinda',NULL,'2023-11-30 18:44:04.933370','PkkNSrmEnM',NULL,NULL,'https://i.ibb.co/yqgZJqV/blob.png',7,NULL,NULL,NULL,NULL,NULL,NULL,NULL),('MA00003302',NULL,NULL,NULL,'permanairvan06@gmail.com','Muhammad Irvan Maulana',NULL,'2023-12-04 13:46:49.881967','CCzoYYBBPd',NULL,NULL,'https://i.ibb.co/fMhzLZg/blob.png',7,NULL,NULL,NULL,NULL,NULL,NULL,NULL),('MA00003307',NULL,NULL,NULL,'sylvia.helmi.1905356@students.um.ac.id','Sylvia Helmi Nurjannah',NULL,'2023-11-29 09:03:36.987367','IOQidtZDfQ',NULL,NULL,'https://i.ibb.co/Lv9Z3NS/blob.png',7,NULL,NULL,NULL,NULL,NULL,NULL,NULL),('MA00003355',NULL,NULL,NULL,'raph.benedict@gmail.com','Benediktus Wirawan Tejoraharjo',NULL,'2023-11-28 16:44:59.941046','NkhqaAmSrY',NULL,NULL,'https://i.ibb.co/8bGQ1NB/DSC2869-edit-resize-1944x2592-px.jpg',7,NULL,NULL,NULL,NULL,NULL,NULL,NULL),('MA00003590',NULL,NULL,NULL,'nauranrlzzh@gmail.com','Naura Nurul Izzah',NULL,'2023-11-30 18:41:24.101887','Urmksvmgru',NULL,NULL,'https://i.ibb.co/Ws7ZQDr/blob.png',7,NULL,NULL,NULL,NULL,NULL,NULL,NULL),('MA00003709',NULL,NULL,NULL,'andhika0flechter@gmail.com','Andhika Narendra Tama',NULL,'2023-12-04 15:28:53.570185','UyvPMVmDkY',NULL,NULL,'https://i.ibb.co/9pz3c6V/blob.png',7,NULL,NULL,NULL,NULL,NULL,NULL,NULL),('MA00003735',NULL,NULL,NULL,'yonandaputri12@gmail.com','Viontina Dea Ivoni Yonanda Putri',NULL,'2024-08-15 14:39:22.180578','djXIPIsMlx',NULL,'085293907413','https://ma-cvme.s3.ap-southeast-1.amazonaws.com/Profile/Profile-102251.',NULL,NULL,_binary '\0',NULL,NULL,NULL,NULL,NULL),('MA00003785',NULL,NULL,NULL,'muhammadikhsank014@gmail.com','Muhammad Ikhsan Kurniawan',NULL,'2023-11-29 09:07:10.429403','lQsVgoFtvO',NULL,NULL,'https://i.ibb.co/94gpjv4/blob.png',7,NULL,NULL,NULL,NULL,NULL,NULL,NULL),('MA00004109',NULL,NULL,NULL,'abdiansahridwan@gmail.com','Ridwan Abdiansah',NULL,'2024-05-16 11:53:53.081725','sXDBFpmWtB',NULL,'081546165471','https://i.ibb.co/H4RJ4c3/blob.png',7,NULL,_binary '\0',NULL,NULL,NULL,NULL,NULL),('MA00004298',NULL,NULL,NULL,'deslianap.pratiwi@gmail.com','Desliana Putri Pratiwi',NULL,'2023-12-04 10:58:40.445549','fZmGvNRVSQ',NULL,NULL,'https://i.ibb.co/L9j7cLC/blob.png',7,NULL,NULL,NULL,NULL,NULL,NULL,NULL),('MA00004598',NULL,NULL,NULL,'aqilahfitri@student.telkomuniversity.ac.id','Aqila Fitri Alitu',NULL,'2023-12-01 09:33:24.748668','GrkxteqGow',NULL,NULL,'https://i.ibb.co/Rcqz6Rn/blob.png',7,NULL,NULL,NULL,NULL,NULL,NULL,NULL),('MA00004828',NULL,NULL,NULL,'arijonapurba10@gmail.com','Arijona Purba',NULL,'2023-11-30 18:40:37.376008','ggzBrMQwSh',NULL,NULL,'https://i.ibb.co/zb4WRDd/blob.png',7,NULL,NULL,NULL,NULL,NULL,NULL,NULL),('MA00005404',NULL,NULL,NULL,'wahyutrinugroho02@gmail.com','Wahyutri Nugroho Rohmat',NULL,'2023-11-30 18:42:25.558178','fSKHxsiXQT',NULL,NULL,'https://i.ibb.co/m5jtT41/blob.png',7,NULL,NULL,NULL,NULL,NULL,NULL,NULL),('MA00005434',NULL,NULL,NULL,'dikamp445@gmail.com','Dika Mai Putra',NULL,'2023-12-04 16:14:46.574591','zmVEfPdjvk',NULL,NULL,'https://i.ibb.co/c61CtK8/blob.png',7,NULL,NULL,NULL,NULL,NULL,NULL,NULL),('MA00005501',NULL,NULL,NULL,'iwanlfc19@gmail.com','Iwan Setiawan',NULL,'2023-12-04 16:15:36.159632','zWzYBKfHwy',NULL,NULL,'https://i.ibb.co/SJvRRGv/blob.png',NULL,NULL,NULL,NULL,NULL,NULL,NULL,NULL),('MA00008304',NULL,NULL,NULL,'felixtsve@gmail.com','Felix Savero',NULL,'2023-12-04 15:21:22.032570','fByNGpMMYX','1234123412341234',NULL,'https://i.ibb.co/6nLVYRx/blob.png',NULL,NULL,NULL,NULL,NULL,NULL,NULL,NULL),('MA00008483',NULL,NULL,NULL,'rezkidwyputra30@gmail.com','Rezki Dwy Putra',NULL,'2024-08-15 14:39:22.646448','qiZvGZqibb',NULL,'082244842560','https://i.ibb.co/8Bpzqj0/blob.png',NULL,NULL,_binary '\0',NULL,NULL,NULL,NULL,NULL),('MA00009670',NULL,NULL,NULL,'pashaakbar52@gmail.com','Anwaripasha Akbar',NULL,'2024-02-22 15:48:03.586529','HfPCmEZbMt','1610162407010001','085380966060','https://ma-cvme.s3.ap-southeast-1.amazonaws.com/Profile/Profile-232959.',NULL,NULL,NULL,NULL,NULL,NULL,NULL,NULL),('MA00010188',NULL,NULL,NULL,'hanif.arif@ms.mii.co.id','Hanif Arif',NULL,'2024-05-06 09:22:13.387759','uJzpBLbebn','3576011804000004','+62 21 29 345 777','https://i.ibb.co/9HVgk2D/blob.png',NULL,NULL,_binary '\0',NULL,NULL,NULL,NULL,NULL),('MA00010332',NULL,NULL,NULL,'nur.amalia.safitri1@gmail.com','Nur Amalia Safitri',NULL,'2024-08-15 14:39:21.994515','KxoYTFhuRV',NULL,'082236432728','https://ma-cvme.s3.ap-southeast-1.amazonaws.com/Profile/Profile-094400.',NULL,NULL,_binary '\0',NULL,NULL,NULL,NULL,NULL),('MA00011313',NULL,NULL,NULL,'faisal.nuriansyah47@gmail.com','Faisal Nuriansyah',NULL,'2024-01-26 15:06:33.412668','LWNoZtfVyn','3217080407950009','6285175280695','https://i.ibb.co/NLRkxbX/blob.png',NULL,NULL,NULL,NULL,NULL,NULL,NULL,NULL),('MA00013307',NULL,NULL,NULL,'deliaafs125@gmail.com','DELIA FITRI SETIANI',NULL,'2024-06-04 10:02:56.709979','xucQtgCtmv',NULL,'082240183328','https://ma-cvme.s3.ap-southeast-1.amazonaws.com/Profile/Profile-192652.',7,'3207124512020001',_binary '\0',NULL,NULL,NULL,NULL,NULL),('UH1010',NULL,NULL,NULL,'kjsbfkjdsbfhjb@mail.com','jbfkjewbfhjew',NULL,'2024-05-16 15:45:44.983852','JePLVawWPK','982734893274','837493287498327','https://dev-ma-bucket.s3.ap-southeast-1.amazonaws.com/Profile/Profile-095832.',10,NULL,_binary '\0',NULL,NULL,NULL,NULL,NULL),('UH1011',NULL,NULL,NULL,'ksjbdfdsbfjhb@mail.com','metrodata <3',NULL,'2024-06-25 10:42:51.062435','AeXeLzqPBZ','9283743928974','83927489327','https://dev-ma-bucket.s3.ap-southeast-1.amazonaws.com/Profile/Profile-100038.',10,NULL,_binary '\0',NULL,NULL,NULL,NULL,NULL),('UH1012',NULL,NULL,NULL,'kdjbfskjdfbsdbjhk@mail.com','MII <3',NULL,'2024-05-08 10:02:54.985579','fXJyRSwfkZ',NULL,'8923748932482','https://dev-ma-bucket.s3.ap-southeast-1.amazonaws.com/Profile/Profile-100203.',10,'o82317398278932',_binary '\0',NULL,NULL,NULL,NULL,NULL),('UH1013',NULL,NULL,NULL,'2169420@gmail.com','21Garbage',NULL,'2024-06-10 14:16:46.410728','GQWymWGxvE','987123651','07123871298371','https://dev-ma-bucket.s3.ap-southeast-1.amazonaws.com/Profile/Profile-100651.',10,NULL,_binary '\0',NULL,NULL,NULL,NULL,NULL),('UH1014',NULL,NULL,NULL,'jnsfjksbf@mail.com','metrodata academy <3',NULL,'2024-05-08 16:07:46.480590','nTqSRLQtmf',NULL,'72389473289','https://dev-ma-bucket.s3.ap-southeast-1.amazonaws.com/Profile/Profile-160657.',10,'2893478932422',_binary '\0',NULL,NULL,NULL,NULL,NULL),('UH1015',NULL,NULL,NULL,'estersinaga@gmail.com','dddmdjD',NULL,'2024-05-08 16:11:38.884954','QfWnzxtsTP',NULL,'0812663383','https://dev-ma-bucket.s3.ap-southeast-1.amazonaws.com/Profile/Profile-161136.',10,'dxmmdxm',_binary '\0',NULL,NULL,NULL,NULL,NULL),('UH1016',NULL,NULL,NULL,'kjbsdjkhfbsdhjfb@mail.com','jksdhfjkdsfhksdjfh',NULL,'2024-05-28 14:35:35.702787','aireKVkPpO','9837349849','302983409238409238','https://dev-ma-bucket.s3.ap-southeast-1.amazonaws.com/Profile/Profile-104033.',10,NULL,_binary '\0',NULL,NULL,NULL,NULL,NULL),('UH111',NULL,NULL,NULL,'gordonbleu@mailer.com','gordon bleu',NULL,'2024-02-27 15:08:21.473762','GSUYleCNuX','35218628192039','088772663627','https://dev-ma-bucket.s3.ap-southeast-1.amazonaws.com/Profile/Profile-113719.',NULL,NULL,NULL,NULL,NULL,NULL,NULL,NULL),('UH131',NULL,NULL,NULL,'nandasyifana@gmail.com','NANDA SYAFINA',NULL,'2024-05-02 19:48:13.388815','wNBpHPfnpQ','1233445567889000','081265871397','https://dev-ma-bucket.s3.ap-southeast-1.amazonaws.com/Profile/Profile-193647.',13,NULL,_binary '\0',NULL,NULL,NULL,NULL,NULL),('UH1310',NULL,NULL,NULL,'juan@gmail.com','ROY MARCELINO HUTAGALUNG',NULL,'2024-05-13 12:14:29.524218','oUhjmrRdfN','1234567890','081265871397','https://dev-ma-bucket.s3.ap-southeast-1.amazonaws.com/Profile/Profile-105355.',13,NULL,_binary '\0',NULL,NULL,NULL,NULL,NULL),('UH1311',NULL,NULL,NULL,'hjdsgfjhsgdfhj@mail.com','sldjhfkdsjbfkjhdsbfdshb',NULL,'2024-05-20 15:31:06.882776','figzKylDjO','8732947398274239','023974083274392','https://dev-ma-bucket.s3.ap-southeast-1.amazonaws.com/Profile/Profile-134935.',13,NULL,_binary '\0',NULL,NULL,NULL,NULL,NULL),('UH1312',NULL,NULL,NULL,'hbhjjhj','hjklkll',NULL,'2024-05-20 15:31:07.758467','pxfLMCNhkn','1234566','09887654','https://dev-ma-bucket.s3.ap-southeast-1.amazonaws.com/Profile/Profile-140912.',13,NULL,_binary '\0',NULL,NULL,NULL,NULL,NULL),('UH132',NULL,NULL,NULL,'ronweasley@gmail.com','Ron weasley',NULL,'2024-05-02 19:48:15.001298','DgtVFmeWEe','08886332681','889009865','https://dev-ma-bucket.s3.ap-southeast-1.amazonaws.com/Profile/Profile-193920.',13,NULL,_binary '\0',NULL,NULL,NULL,NULL,NULL),('UH133',NULL,NULL,NULL,'sheren890@gmail.com','Sheren',NULL,'2024-05-02 19:49:44.742907','iEQrcJlDMC','234545678899','081265871397','https://dev-ma-bucket.s3.ap-southeast-1.amazonaws.com/Profile/Profile-194107.',13,NULL,_binary '\0',NULL,NULL,NULL,NULL,NULL),('UH134',NULL,NULL,NULL,'hakim333@gmail.com','Hakim ',NULL,'2024-05-02 20:54:20.804964','jBMikNQfxq','123344556677','081236347489','https://dev-ma-bucket.s3.ap-southeast-1.amazonaws.com/Profile/Profile-194350.',13,NULL,_binary '\0',NULL,NULL,NULL,NULL,NULL),('UH135',NULL,NULL,NULL,'tambunanyohana63@gmail.com','Yohana Tambunan',NULL,'2024-05-02 20:55:32.418877','vBWEwzJYec','121210713245','081361054476','https://dev-ma-bucket.s3.ap-southeast-1.amazonaws.com/Profile/Profile-194441.',13,NULL,_binary '\0',NULL,NULL,NULL,NULL,NULL),('UH136',NULL,NULL,NULL,'harrypotah@gmail.com','Harry Potah',NULL,'2024-05-02 21:31:10.829257','OPxDDWXllh','0998287381','09876672829','https://dev-ma-bucket.s3.ap-southeast-1.amazonaws.com/Profile/Profile-213025.',13,NULL,_binary '\0',NULL,NULL,NULL,NULL,NULL),('UH137',NULL,NULL,NULL,'estersinaga091@gmail.com','Amanda Simbolon',NULL,'2024-05-03 06:36:33.006188','NJJyoBoaSQ','1234567890123','081265871397','https://dev-ma-bucket.s3.ap-southeast-1.amazonaws.com/Profile/Profile-004757.',13,NULL,_binary '\0',NULL,NULL,NULL,NULL,NULL),('UH138',NULL,NULL,NULL,'thimothychalamet@gmail.com','jonathan Iroth',NULL,'2024-05-03 08:47:24.080579','qfNjysEPdj','198870909090002','081278789292','https://dev-ma-bucket.s3.ap-southeast-1.amazonaws.com/Profile/Profile-084149.',13,NULL,_binary '\0',NULL,NULL,NULL,NULL,NULL),('UH139',NULL,NULL,NULL,'esterrrrrrsinaga@gmail.com','esterrr sinagaaaaaa',NULL,'2024-05-06 14:05:06.280364','TNjdvCybca','76532124579','0987','https://dev-ma-bucket.s3.ap-southeast-1.amazonaws.com/Profile/Profile-163231.',13,NULL,_binary '\0',NULL,NULL,NULL,NULL,NULL),('UH181',NULL,NULL,NULL,'abcdef@gmail.com','DINDA DWI',NULL,'2024-05-19 19:47:41.582685','NaKnzLzDCr','1371060000000000','082268266263','https://dev-ma-bucket.s3.ap-southeast-1.amazonaws.com/Profile/Profile-153307.',18,NULL,_binary '\0',NULL,NULL,NULL,NULL,NULL),('UH182',NULL,NULL,NULL,'kristina12@gmail.com','kristina Natasia Sinurat',NULL,'2024-05-19 19:47:26.111894','penYApiYvd','1234567287e548','08137485782674','https://dev-ma-bucket.s3.ap-southeast-1.amazonaws.com/Profile/Profile-193728.',18,NULL,_binary '\0',NULL,NULL,NULL,NULL,NULL),('UH183',NULL,NULL,NULL,'ervinyudistira@gmail.com','MOCHAMMAD ERVINDA YUDISTIRA',NULL,'2024-05-20 12:21:06.548568','bZXjpMQiLJ','3501231231238848','081232527747','https://dev-ma-bucket.s3.ap-southeast-1.amazonaws.com/Profile/Profile-103244.',18,NULL,_binary '\0',NULL,NULL,NULL,NULL,NULL),('UH184',NULL,NULL,NULL,'sdasdadsa@','asds',NULL,'2024-05-20 14:33:58.915452','iHxqibWBVo','asdsadsad','32231231','https://dev-ma-bucket.s3.ap-southeast-1.amazonaws.com/Profile/Profile-143154.',18,NULL,_binary '\0',NULL,NULL,NULL,NULL,NULL),('UH185',NULL,NULL,NULL,'dinda@gmail.com','DINDA DWI ULFAHTUNNISA',NULL,'2024-06-04 13:45:00.683316','txvEiqYtMa','1371064912000007','082268266666','https://dev-ma-bucket.s3.ap-southeast-1.amazonaws.com/Profile/Profile-120954.',18,NULL,_binary '\0',NULL,NULL,NULL,NULL,NULL),('UH71',NULL,NULL,NULL,'sdasdsad','waiwu',NULL,'2024-02-15 09:30:10.503996','pEKkwKyhgH','213123','131244444','https://ma-cvme.s3.ap-southeast-1.amazonaws.com/Profile/Profile-143608.',NULL,NULL,NULL,NULL,NULL,NULL,NULL,NULL),('UH72',NULL,NULL,NULL,'waiwo','waiwo',NULL,'2024-02-16 10:19:13.914856','PokZXdoiBq','9871239817283','098878767565','https://ma-cvme.s3.ap-southeast-1.amazonaws.com/Profile/Profile-151143.',NULL,NULL,NULL,NULL,NULL,NULL,NULL,NULL),('UH720',NULL,NULL,NULL,'EMAILJGGABOLEHDUPLIKAT','NAMAGABOLEHDUPLIKAT',NULL,'2024-04-30 11:21:31.437544','HwpKntjbUJ','9874363771612573987325823','12312312','https://dev-ma-bucket.s3.ap-southeast-1.amazonaws.com/Profile/Profile-113539.',7,NULL,_binary '\0',NULL,NULL,NULL,NULL,NULL),('UH725',NULL,NULL,NULL,'sdfdsdfdsdfs@gmail.com','ghvghv',NULL,'2024-05-20 16:20:57.415077','IqdCjdNuYT','12312321321213','1321312213123','https://dev-ma-bucket.s3.ap-southeast-1.amazonaws.com/Profile/Profile-142348.',7,NULL,_binary '\0',NULL,NULL,NULL,NULL,NULL),('UH726',NULL,NULL,NULL,'tambunanyohan63@gmail.com','Kevin sebastian',NULL,'2024-05-03 10:29:18.479808','UHuLmaeaId','1996676798980002','081361054476','https://dev-ma-bucket.s3.ap-southeast-1.amazonaws.com/Profile/Profile-192612.',7,NULL,_binary '\0',NULL,NULL,NULL,NULL,NULL),('UH727',NULL,NULL,NULL,'jshdfhjdsvfjhsdv@gmail.com','dksnfdjkbfjkjbk',NULL,'2024-06-12 13:50:01.463499','WwIjYSrXqp','8927398423489','8972398438929','https://dev-ma-bucket.s3.ap-southeast-1.amazonaws.com/Profile/Profile-133648.',7,NULL,_binary '\0',NULL,NULL,NULL,NULL,NULL),('UH728',NULL,NULL,NULL,'skjbfsdhjbfsdjh@gmail.com','kjhqkjjkesbkjb',NULL,'2024-05-08 10:22:49.477089','EuXVLxfwZX',NULL,'82378932789472','https://dev-ma-bucket.s3.ap-southeast-1.amazonaws.com/Profile/Profile-102149.',7,'73298473289274',_binary '\0',NULL,NULL,NULL,NULL,NULL),('UH73',NULL,NULL,NULL,'davi@mail.com','david',NULL,'2024-02-18 14:10:13.619844','LyYggwdGEH','1231231111233','0990000','https://ma-cvme.s3.ap-southeast-1.amazonaws.com/Profile/Profile-160344.',NULL,NULL,NULL,NULL,NULL,NULL,NULL,NULL);
/*!40000 ALTER TABLE `talent` ENABLE KEYS */;
UNLOCK TABLES;

--
-- Table structure for table `training`
--

DROP TABLE IF EXISTS `training`;
/*!40101 SET @saved_cs_client     = @@character_set_client */;
/*!50503 SET character_set_client = utf8mb4 */;
CREATE TABLE `training` (
  `id` int NOT NULL AUTO_INCREMENT,
  `created_at` datetime(6) DEFAULT NULL,
  `created_by` int DEFAULT NULL,
  `syllabus` varchar(164) COLLATE utf8mb4_unicode_ci DEFAULT NULL,
  `training_date` date DEFAULT NULL,
  `training_name` varchar(96) COLLATE utf8mb4_unicode_ci NOT NULL,
  `updated_at` datetime(6) DEFAULT NULL,
  `updated_by` int DEFAULT NULL,
  `talent_id` varchar(255) COLLATE utf8mb4_unicode_ci DEFAULT NULL,
  PRIMARY KEY (`id`),
  KEY `FKlo2a5maavx07rxrouxbypv8oi` (`talent_id`),
  CONSTRAINT `FKlo2a5maavx07rxrouxbypv8oi` FOREIGN KEY (`talent_id`) REFERENCES `talent` (`id`)
) ENGINE=InnoDB AUTO_INCREMENT=2 DEFAULT CHARSET=utf8mb4 COLLATE=utf8mb4_unicode_ci;
/*!40101 SET character_set_client = @saved_cs_client */;

--
-- Dumping data for table `training`
--

LOCK TABLES `training` WRITE;
/*!40000 ALTER TABLE `training` DISABLE KEYS */;
/*!40000 ALTER TABLE `training` ENABLE KEYS */;
UNLOCK TABLES;

--
-- Table structure for table `user`
--

DROP TABLE IF EXISTS `user`;
/*!40101 SET @saved_cs_client     = @@character_set_client */;
/*!50503 SET character_set_client = utf8mb4 */;
CREATE TABLE `user` (
  `id` bigint NOT NULL AUTO_INCREMENT,
  `base_budget` bigint DEFAULT NULL,
  `created_at` datetime(6) DEFAULT NULL,
  `email` varchar(255) CHARACTER SET utf8mb4 COLLATE utf8mb4_unicode_ci NOT NULL,
  `first_name` varchar(255) CHARACTER SET utf8mb4 COLLATE utf8mb4_unicode_ci NOT NULL,
  `last_name` varchar(255) CHARACTER SET utf8mb4 COLLATE utf8mb4_unicode_ci DEFAULT NULL,
  `limit_budget` bigint DEFAULT NULL,
  `phone` varchar(255) CHARACTER SET utf8mb4 COLLATE utf8mb4_unicode_ci DEFAULT NULL,
  `updated_at` datetime(6) DEFAULT NULL,
  `institute_id` bigint NOT NULL,
  PRIMARY KEY (`id`),
  UNIQUE KEY `UK_ob8kqyqqgmefl0aco34akdtpe` (`email`),
  KEY `FKkof9iy5rfbgqfnryu304wx0ur` (`institute_id`),
  CONSTRAINT `FKkof9iy5rfbgqfnryu304wx0ur` FOREIGN KEY (`institute_id`) REFERENCES `institute` (`id`)
) ENGINE=InnoDB AUTO_INCREMENT=35 DEFAULT CHARSET=utf8mb4 COLLATE=utf8mb4_unicode_ci;
/*!40101 SET character_set_client = @saved_cs_client */;

--
-- Dumping data for table `user`
--

LOCK TABLES `user` WRITE;
/*!40000 ALTER TABLE `user` DISABLE KEYS */;
INSERT INTO `user` VALUES (1,0,'2023-10-11 13:11:03.427681','sa@mail.com','super','admin',0,NULL,'2023-10-11 13:11:03.427681',1),(2,0,NULL,'jatmikov@gmail.com','Jasa','Raharja',11000,'','2024-01-31 11:29:54.007993',3),(3,0,'2023-10-13 10:44:52.833266','miko000gaming@gmail.com','BCA','RM',0,'0181028','2023-10-13 10:44:52.833266',1),(4,0,'2023-10-17 09:28:53.444134','husni@mail.com','Husny','Murabok',12000,'08525828012','2024-05-02 15:26:37.441686',1),(8,0,'2023-11-02 12:35:11.932844','rmbni@mail.com','BNI','RM',0,'12819280','2023-11-02 12:35:11.932844',1),(9,0,'2023-11-02 12:36:37.500521','bni@mail.com','Firman','Utina',100000,'081265871397','2024-05-02 16:48:59.403588',4),(10,0,'2023-11-02 12:42:28.166505','rmbri@mail.com','BRI','RM',0,'0128012810','2023-11-02 12:42:28.166505',1),(11,0,NULL,'bri@mail.com','Sudirman','Wahidin',100000,'18102810','2023-11-02 13:18:51.975948',5),(12,0,NULL,'rmmandiri@gmail.com','RM','Mandiri',0,'012019120','2023-11-20 13:42:41.958184',1),(13,0,'2023-11-24 09:47:30.044701','rmmitra@gmail.com','Mitra','RM',0,'0180180','2023-11-24 09:47:30.044701',1),(14,0,NULL,'decoding@gmail.com','ikan','Decoding',0,'','2024-05-16 15:07:55.506563',7),(15,10000,'2023-11-27 10:11:14.196069','difa@gmail.com','Diva','Rafika',15000,'01820128','2023-11-27 10:11:14.196069',6),(16,1000,'2023-11-29 08:55:41.476047','farras@mail.com','Farras','Adit',100000,'018202','2023-11-29 08:55:41.476047',8),(17,0,'2024-02-22 11:23:01.761206','mitrabaru@mail.com','MitraBaru','RM',0,'','2024-02-22 11:23:01.761206',1),(19,0,'2024-02-22 11:28:06.472751','cobamitra@mail.com','mitrabaru','',0,'','2024-02-22 11:28:06.472751',10),(20,0,'2024-05-02 19:18:41.122125','rmniaga@gmai.com','rmniaga','',0,'081806584780','2024-05-02 19:18:41.122157',1),(21,0,'2024-05-02 19:26:08.083920','mitrapintar@gmail.com','pintar','',0,'','2024-05-14 15:11:56.558870',13),(22,0,'2024-05-02 19:30:15.751598','clientniaga@gmail.com','niaga','',0,'','2024-05-02 19:30:15.751608',12),(23,0,'2024-05-03 08:58:40.275318','myskill@gmail.com','myskill','',0,'','2024-05-03 08:58:40.275325',14),(24,0,NULL,'neobank@gmail.com','neobank','',0,'','2024-05-03 11:13:51.347951',1),(25,0,NULL,'binaracademy@gmail.com','binar academy','',0,'','2024-05-03 10:54:26.426902',16),(26,0,'2024-05-03 09:13:22.411121','binar@gmail.com','binar','',0,'','2024-05-03 09:13:22.411129',16),(27,0,'2024-05-03 10:58:54.901355','clienthomecredit@gmail.com',' Client Home Credit','',0,'','2024-05-03 10:58:54.901404',17),(28,0,'2024-05-16 11:19:44.240428','admincamp@gmail.com','admincamp','',0,'091872722','2024-05-16 11:19:44.240478',1),(29,0,'2024-05-16 11:23:12.709506','mitracamp@gmail.com','mitra camp','',0,'','2024-05-16 11:23:12.709519',18),(30,0,'2024-05-16 11:27:12.400773','rmzenius@gmail.com','rm zenius','',0,'','2024-05-16 11:27:12.400789',1),(31,0,'2024-05-16 11:28:53.865833','clientzenius@gmail.com','client zenius','',0,'','2024-05-16 11:28:53.865845',19),(32,0,NULL,'rmdanamon@gmail.com','rm','danamon',0,'','2024-05-21 09:32:15.993226',1),(33,0,'2024-05-21 09:40:25.115501','clientdanamon@gmail.com','client danamon','danamon',0,'','2024-05-21 09:40:25.115510',20),(34,0,'2024-05-21 09:41:22.603652','mitraskillvul@gmail.com','mitra skillvul','',0,'','2024-05-21 09:41:22.603666',21);
/*!40000 ALTER TABLE `user` ENABLE KEYS */;
UNLOCK TABLES;

--
-- Dumping routines for database 'pickme'
--
/*!40103 SET TIME_ZONE=@OLD_TIME_ZONE */;

/*!40101 SET SQL_MODE=@OLD_SQL_MODE */;
/*!40014 SET FOREIGN_KEY_CHECKS=@OLD_FOREIGN_KEY_CHECKS */;
/*!40014 SET UNIQUE_CHECKS=@OLD_UNIQUE_CHECKS */;
/*!40101 SET CHARACTER_SET_CLIENT=@OLD_CHARACTER_SET_CLIENT */;
/*!40101 SET CHARACTER_SET_RESULTS=@OLD_CHARACTER_SET_RESULTS */;
/*!40101 SET COLLATION_CONNECTION=@OLD_COLLATION_CONNECTION */;
/*!40111 SET SQL_NOTES=@OLD_SQL_NOTES */;

-- Dump completed on 2024-08-31 18:05:42
